scenario,panel,model,thr_mode,threshold,best_combo,train_f1,train_precision,train_recall,train_mcc,test_f1_5050,test_precision_5050,test_recall_5050,test_mcc_5050,test_f1_8020_mean,test_f1_8020_std,test_f1_8020_lo,test_f1_8020_hi,n_test
S1,CFTR,lightgbm,f1_raw,0.52,,0.964635063957863,0.9726858877086495,0.9567164179104478,0.9280820593882588,0.8888888888888888,1.0,0.8,0.6633249580710799,0.8599999999999998,0.1907878402833891,0.5,1.0,56
S1,CFTR,lightgbm,f1_8020,0.55,,0.9643128321943811,0.98145285935085,0.9477611940298507,0.9285624142960444,0.8607594936708861,1.0,0.7555555555555555,0.6146362971528592,0.8059999999999999,0.23273160507331186,0.11250000000000004,1.0,56
S1,CFTR,lightgbm,mcc_8020,0.55,,0.9643128321943811,0.98145285935085,0.9477611940298507,0.9285624142960444,0.8607594936708861,1.0,0.7555555555555555,0.6146362971528592,0.8059999999999999,0.23273160507331186,0.11250000000000004,1.0,56
S1,CFTR,catboost,f1_raw,0.4,,0.9327485380116959,0.9140401146131805,0.9522388059701492,0.8595343677600947,0.9156626506024096,1.0,0.8444444444444444,0.718365772233094,0.8939999999999999,0.158,0.5,1.0,56
S1,CFTR,catboost,f1_8020,0.5,,0.9311377245508982,0.933933933933934,0.9283582089552239,0.8589417075893596,0.875,1.0,0.7777777777777778,0.6382847385042254,0.8499999999999999,0.1688194301613413,0.5,1.0,56
S1,CFTR,catboost,mcc_8020,0.5,,0.9311377245508982,0.933933933933934,0.9283582089552239,0.8589417075893596,0.875,1.0,0.7777777777777778,0.6382847385042254,0.8499999999999999,0.1688194301613413,0.5,1.0,56
S1,CFTR,nn,f1_raw,0.39,"{'hidden': 64, 'dropout': 0.3, 'weight_decay': 0.001, 'lr': 0.001, 'focal_gamma': 2.0}",0.8658367911479945,0.8067010309278351,0.9343283582089552,0.7107029385667601,0.8433734939759037,0.9210526315789473,0.7777777777777778,0.4296446006178791,0.5466666666666666,0.1304935685333627,0.2857142857142857,0.6666666666666666,56
S1,CFTR,nn,f1_8020,0.5,"{'hidden': 64, 'dropout': 0.3, 'weight_decay': 0.001, 'lr': 0.001, 'focal_gamma': 2.0}",0.8412698412698413,0.8983050847457628,0.7910447761194029,0.6995224239908819,0.684931506849315,0.8928571428571429,0.5555555555555556,0.22473328748774735,0.4533333333333333,0.1619719748441706,0.06428571428571431,0.6666666666666666,56
S1,CFTR,nn,mcc_8020,0.5,"{'hidden': 64, 'dropout': 0.3, 'weight_decay': 0.001, 'lr': 0.001, 'focal_gamma': 2.0}",0.8412698412698413,0.8983050847457628,0.7910447761194029,0.6995224239908819,0.684931506849315,0.8928571428571429,0.5555555555555556,0.22473328748774735,0.4533333333333333,0.1619719748441706,0.06428571428571431,0.6666666666666666,56
S1,CFTR,dnn,f1_raw,0.39,"{'hidden': 128, 'n_layers': 3, 'dropout': 0.4, 'weight_decay': 0.001, 'lr': 0.001, 'focal_gamma': 2.0}",0.8362369337979094,0.7843137254901961,0.8955223880597015,0.6451120056886475,0.7532467532467533,0.90625,0.6444444444444445,0.29842459526191717,0.4476190476190475,0.1908329991382274,0.0,0.6666666666666666,56
S1,CFTR,dnn,f1_8020,0.51,"{'hidden': 128, 'n_layers': 3, 'dropout': 0.4, 'weight_decay': 0.001, 'lr': 0.001, 'focal_gamma': 2.0}",0.7885906040268457,0.9003831417624522,0.7014925373134329,0.6321519538564473,0.6176470588235294,0.9130434782608695,0.4666666666666667,0.23003590360667073,0.42238095238095236,0.2210601133089032,0.0,0.75,56
S1,CFTR,dnn,mcc_8020,0.54,"{'hidden': 128, 'n_layers': 3, 'dropout': 0.4, 'weight_decay': 0.001, 'lr': 0.001, 'focal_gamma': 2.0}",0.7557117750439367,0.9188034188034188,0.6417910447761194,0.6064893517793191,0.6176470588235294,0.9130434782608695,0.4666666666666667,0.23003590360667073,0.42238095238095236,0.2210601133089032,0.0,0.75,56
S2,CFTR,lightgbm,f1_raw,0.1,,0.994475138121547,0.989010989010989,1.0,0.969309258988296,0.9166666666666666,0.8627450980392157,0.9777777777777777,0.475679039504044,0.45128205128205123,0.03478117940064241,0.3333333333333333,0.46153846153846156,56
S2,CFTR,lightgbm,f1_8020,0.38,,0.9887640449438202,1.0,0.9777777777777777,0.9428090415820634,0.898876404494382,0.9090909090909091,0.8888888888888888,0.5085735707141052,0.5416666666666667,0.09876552854933562,0.25,0.6,56
S2,CFTR,lightgbm,mcc_8020,0.38,,0.9887640449438202,1.0,0.9777777777777777,0.9428090415820634,0.898876404494382,0.9090909090909091,0.8888888888888888,0.5085735707141052,0.5416666666666667,0.09876552854933562,0.25,0.6,56
S2,CFTR,catboost,f1_raw,0.11,,0.994475138121547,0.989010989010989,1.0,0.969309258988296,0.9183673469387755,0.8490566037735849,1.0,0.48120774301568586,0.4285714285714285,5.551115123125783e-17,0.42857142857142855,0.42857142857142855,56
S2,CFTR,catboost,f1_8020,0.42,,0.9887640449438202,1.0,0.9777777777777777,0.9428090415820634,0.8636363636363636,0.8837209302325582,0.8444444444444444,0.36690092409894554,0.4766060606060606,0.09339176971634021,0.2222222222222222,0.5454545454545454,56
S2,CFTR,catboost,mcc_8020,0.42,,0.9887640449438202,1.0,0.9777777777777777,0.9428090415820634,0.8636363636363636,0.8837209302325582,0.8444444444444444,0.36690092409894554,0.4766060606060606,0.09339176971634021,0.2222222222222222,0.5454545454545454,56
S2,CFTR,nn,f1_raw,0.49,"{'hidden': 128, 'dropout': 0.5, 'weight_decay': 0.001, 'lr': 0.001, 'focal_gamma': 2.0}",0.967032967032967,0.9565217391304348,0.9777777777777777,0.8108893879997352,0.896551724137931,0.9285714285714286,0.8666666666666667,0.5449492609130661,0.5814285714285714,0.12989530059107704,0.2857142857142857,0.6666666666666666,56
S2,CFTR,nn,f1_8020,0.51,"{'hidden': 128, 'dropout': 0.5, 'weight_decay': 0.001, 'lr': 0.001, 'focal_gamma': 2.0}",0.9550561797752809,0.9659090909090909,0.9444444444444444,0.7660323462854265,0.8705882352941177,0.925,0.8222222222222222,0.48325495707271704,0.5652380952380952,0.14644773393777796,0.2857142857142857,0.6666666666666666,56
S2,CFTR,nn,mcc_8020,0.51,"{'hidden': 128, 'dropout': 0.5, 'weight_decay': 0.001, 'lr': 0.001, 'focal_gamma': 2.0}",0.9550561797752809,0.9659090909090909,0.9444444444444444,0.7660323462854265,0.8705882352941177,0.925,0.8222222222222222,0.48325495707271704,0.5652380952380952,0.14644773393777796,0.2857142857142857,0.6666666666666666,56
S2,CFTR,dnn,f1_raw,0.3,"{'hidden': 128, 'n_layers': 2, 'dropout': 0.5, 'weight_decay': 0.001, 'lr': 0.001, 'focal_gamma': 2.0}",0.972972972972973,0.9473684210526315,1.0,0.8429272304235246,0.9247311827956989,0.8958333333333334,0.9555555555555556,0.5688312786486196,0.525090909090909,0.050470840939338076,0.4,0.5454545454545454,56
S2,CFTR,dnn,f1_8020,0.51,"{'hidden': 128, 'n_layers': 2, 'dropout': 0.5, 'weight_decay': 0.001, 'lr': 0.001, 'focal_gamma': 2.0}",0.9666666666666667,0.9666666666666667,0.9666666666666667,0.8166666666666667,0.8837209302325582,0.926829268292683,0.8444444444444444,0.5129160371168381,0.598095238095238,0.09995917534020514,0.33392857142857146,0.6666666666666666,56
S2,CFTR,dnn,mcc_8020,0.51,"{'hidden': 128, 'n_layers': 2, 'dropout': 0.5, 'weight_decay': 0.001, 'lr': 0.001, 'focal_gamma': 2.0}",0.9666666666666667,0.9666666666666667,0.9666666666666667,0.8166666666666667,0.8837209302325582,0.926829268292683,0.8444444444444444,0.5129160371168381,0.598095238095238,0.09995917534020514,0.33392857142857146,0.6666666666666666,56
S3,CFTR,nn,f1_raw,0.1,"{'hidden': 128, 'dropout': 0.5, 'weight_decay': 0.001, 'lr': 0.001, 'focal_gamma': 2.0}",0.9130434782608695,0.8936170212765957,0.9333333333333333,0.4740612223681573,0.9010989010989011,0.8913043478260869,0.9111111111111111,0.4736166088079884,0.49179797979797985,0.08499473686869098,0.26222222222222225,0.5454545454545454,56
S3,CFTR,nn,f1_8020,0.27,"{'hidden': 128, 'dropout': 0.5, 'weight_decay': 0.001, 'lr': 0.001, 'focal_gamma': 2.0}",0.85,0.9714285714285714,0.7555555555555555,0.5256137757611012,0.7466666666666667,0.9333333333333333,0.6222222222222222,0.35083797269862776,0.5147619047619048,0.18687913078728058,0.3333333333333333,0.75,56
S3,CFTR,nn,mcc_8020,0.27,"{'hidden': 128, 'dropout': 0.5, 'weight_decay': 0.001, 'lr': 0.001, 'focal_gamma': 2.0}",0.85,0.9714285714285714,0.7555555555555555,0.5256137757611012,0.7466666666666667,0.9333333333333333,0.6222222222222222,0.35083797269862776,0.5147619047619048,0.18687913078728058,0.3333333333333333,0.75,56
S4,CFTR,dnn,f1_raw,0.21,"{'hidden': 128, 'n_layers': 2, 'dropout': 0.4, 'weight_decay': 0.001, 'lr': 0.001, 'focal_gamma': 2.0}",0.9361702127659575,0.8979591836734694,0.9777777777777777,0.5910967041703311,0.9032258064516129,0.875,0.9333333333333333,0.4403855060505442,0.4634545454545455,0.07491019416663292,0.23681818181818184,0.5,56
S4,CFTR,dnn,f1_8020,0.38,"{'hidden': 128, 'n_layers': 2, 'dropout': 0.4, 'weight_decay': 0.001, 'lr': 0.001, 'focal_gamma': 2.0}",0.8780487804878049,0.972972972972973,0.8,0.5753964555687505,0.7792207792207793,0.9375,0.6666666666666666,0.3892494720807615,0.5264285714285715,0.19865320344282203,0.0,0.75,56
S4,CFTR,dnn,mcc_8020,0.38,"{'hidden': 128, 'n_layers': 2, 'dropout': 0.4, 'weight_decay': 0.001, 'lr': 0.001, 'focal_gamma': 2.0}",0.8780487804878049,0.972972972972973,0.8,0.5753964555687505,0.7792207792207793,0.9375,0.6666666666666666,0.3892494720807615,0.5264285714285715,0.19865320344282203,0.0,0.75,56
S1,KANSER,lightgbm,f1_raw,0.37,,0.9866131191432396,1.0,0.9735799207397622,0.9726050751503088,0.9111111111111111,0.8978102189781022,0.924812030075188,0.705222164595381,0.6507227202746205,0.02443469127807351,0.6190476190476191,0.6818181818181818,193
S1,KANSER,lightgbm,f1_8020,0.37,,0.9866131191432396,1.0,0.9735799207397622,0.9726050751503088,0.9111111111111111,0.8978102189781022,0.924812030075188,0.705222164595381,0.6507227202746205,0.02443469127807351,0.6190476190476191,0.6818181818181818,193
S1,KANSER,lightgbm,mcc_8020,0.37,,0.9866131191432396,1.0,0.9735799207397622,0.9726050751503088,0.9111111111111111,0.8978102189781022,0.924812030075188,0.705222164595381,0.6507227202746205,0.02443469127807351,0.6190476190476191,0.6818181818181818,193
S1,KANSER,catboost,f1_raw,0.47,,0.9560655737704918,0.94921875,0.9630118890356671,0.9068763008400814,0.9264705882352942,0.9064748201438849,0.9473684210526315,0.7534202967766832,0.677645679712611,0.021773506089265357,0.6341463414634146,0.6976744186046512,193
S1,KANSER,catboost,f1_8020,0.72,,0.9279778393351801,0.975254730713246,0.8850726552179656,0.8601390319666822,0.8477366255144033,0.9363636363636364,0.7744360902255639,0.6149499043934745,0.6819714609169886,0.07227582796260446,0.5333333333333333,0.7777777777777778,193
S1,KANSER,catboost,mcc_8020,0.72,,0.9279778393351801,0.975254730713246,0.8850726552179656,0.8601390319666822,0.8477366255144033,0.9363636363636364,0.7744360902255639,0.6149499043934745,0.6819714609169886,0.07227582796260446,0.5333333333333333,0.7777777777777778,193
S1,KANSER,nn,f1_raw,0.41,"{'hidden': 128, 'dropout': 0.3, 'weight_decay': 0.001, 'lr': 0.001, 'focal_gamma': 2.0}",0.888030888030888,0.8657465495608532,0.9114927344782034,0.7585723284280025,0.8702290076335878,0.8837209302325582,0.8571428571428571,0.5969081292661821,0.591646392933971,0.041951808569799305,0.5082317073170732,0.6363636363636364,193
S1,KANSER,nn,f1_8020,0.51,"{'hidden': 128, 'dropout': 0.3, 'weight_decay': 0.001, 'lr': 0.001, 'focal_gamma': 2.0}",0.8575418994413407,0.9096296296296297,0.8110964332892999,0.7226169187959534,0.7899159663865546,0.8952380952380953,0.706766917293233,0.48643749572903655,0.5601811556641277,0.07028875356776153,0.3860795454545455,0.6666666666666666,193
S1,KANSER,nn,mcc_8020,0.45,"{'hidden': 128, 'dropout': 0.3, 'weight_decay': 0.001, 'lr': 0.001, 'focal_gamma': 2.0}",0.8853545394300861,0.8882978723404256,0.8824306472919419,0.7595575979787843,0.8515625,0.8861788617886179,0.8195488721804511,0.5643612621634807,0.5852981845353102,0.04531834619449438,0.5128205128205128,0.6511627906976745,193
S1,KANSER,dnn,f1_raw,0.4,"{'hidden': 128, 'n_layers': 2, 'dropout': 0.4, 'weight_decay': 0.001, 'lr': 0.001, 'focal_gamma': 2.0}",0.8728179551122195,0.8264462809917356,0.9247027741083224,0.7203028606867814,0.8702290076335878,0.8837209302325582,0.8571428571428571,0.5969081292661821,0.5964713826540259,0.037819253601157565,0.5082317073170732,0.6598484848484848,193
S1,KANSER,dnn,f1_8020,0.54,"{'hidden': 128, 'n_layers': 2, 'dropout': 0.4, 'weight_decay': 0.001, 'lr': 0.001, 'focal_gamma': 2.0}",0.8368080517613228,0.917981072555205,0.7688243064729194,0.6971414969910387,0.7739130434782608,0.9175257731958762,0.6691729323308271,0.4960377937603402,0.5980024806868849,0.07412094137779378,0.4256896551724138,0.7222222222222222,193
S1,KANSER,dnn,mcc_8020,0.54,"{'hidden': 128, 'n_layers': 2, 'dropout': 0.4, 'weight_decay': 0.001, 'lr': 0.001, 'focal_gamma': 2.0}",0.8368080517613228,0.917981072555205,0.7688243064729194,0.6971414969910387,0.7739130434782608,0.9175257731958762,0.6691729323308271,0.4960377937603402,0.5980024806868849,0.07412094137779378,0.4256896551724138,0.7222222222222222,193
S2,KANSER,lightgbm,f1_raw,0.36,,0.9904397705544933,1.0,0.9810606060606061,0.9704731741878194,0.9097472924187726,0.875,0.9473684210526315,0.6884520066159542,0.6000931236509404,0.024243084209976912,0.5652173913043478,0.625,193
S2,KANSER,lightgbm,f1_8020,0.36,,0.9904397705544933,1.0,0.9810606060606061,0.9704731741878194,0.9097472924187726,0.875,0.9473684210526315,0.6884520066159542,0.6000931236509404,0.024243084209976912,0.5652173913043478,0.625,193
S2,KANSER,lightgbm,mcc_8020,0.36,,0.9904397705544933,1.0,0.9810606060606061,0.9704731741878194,0.9097472924187726,0.875,0.9473684210526315,0.6884520066159542,0.6000931236509404,0.024243084209976912,0.5652173913043478,0.625,193
S2,KANSER,catboost,f1_raw,0.34,,0.9850746268656716,0.9705882352941176,1.0,0.9517785209496884,0.9020979020979021,0.8431372549019608,0.9699248120300752,0.6507936388076838,0.5418658280922432,0.01673398584808792,0.5,0.5555555555555556,193
S2,KANSER,catboost,f1_8020,0.66,,0.9787234042553191,1.0,0.9583333333333334,0.9369432188878083,0.8387096774193549,0.9043478260869565,0.7819548872180451,0.5646217114353836,0.628965644169752,0.05115355822707812,0.5142857142857142,0.7245731707317072,193
S2,KANSER,catboost,mcc_8020,0.66,,0.9787234042553191,1.0,0.9583333333333334,0.9369432188878083,0.8387096774193549,0.9043478260869565,0.7819548872180451,0.5646217114353836,0.628965644169752,0.05115355822707812,0.5142857142857142,0.7245731707317072,193
S2,KANSER,nn,f1_raw,0.46,"{'hidden': 128, 'dropout': 0.3, 'weight_decay': 0.001, 'lr': 0.001, 'focal_gamma': 2.0}",0.9323308270676691,0.9253731343283582,0.9393939393939394,0.7800499895803646,0.8754716981132076,0.8787878787878788,0.8721804511278195,0.6028004902228864,0.5885111243564473,0.039826814669231915,0.5238095238095238,0.6521739130434783,193
S2,KANSER,nn,f1_8020,0.65,"{'hidden': 128, 'dropout': 0.3, 'weight_decay': 0.001, 'lr': 0.001, 'focal_gamma': 2.0}",0.8245614035087719,0.9791666666666666,0.7121212121212122,0.6292532049656927,0.7574468085106383,0.8725490196078431,0.6691729323308271,0.4195708046665769,0.5237366298041372,0.07075418575544828,0.4,0.6341463414634146,193
S2,KANSER,nn,mcc_8020,0.65,"{'hidden': 128, 'dropout': 0.3, 'weight_decay': 0.001, 'lr': 0.001, 'focal_gamma': 2.0}",0.8245614035087719,0.9791666666666666,0.7121212121212122,0.6292532049656927,0.7574468085106383,0.8725490196078431,0.6691729323308271,0.4195708046665769,0.5237366298041372,0.07075418575544828,0.4,0.6341463414634146,193
S2,KANSER,dnn,f1_raw,0.26,"{'hidden': 128, 'n_layers': 2, 'dropout': 0.4, 'weight_decay': 0.001, 'lr': 0.001, 'focal_gamma': 2.0}",0.9228007181328546,0.8771331058020477,0.9734848484848485,0.7341180627498617,0.9110320284697508,0.8648648648648649,0.9624060150375939,0.6885970485113386,0.581047619047619,0.017921851013892858,0.5416666666666666,0.6,193
S2,KANSER,dnn,f1_8020,0.6,"{'hidden': 128, 'n_layers': 2, 'dropout': 0.4, 'weight_decay': 0.001, 'lr': 0.001, 'focal_gamma': 2.0}",0.687960687960688,0.9790209790209791,0.5303030303030303,0.48447118234910136,0.6919431279620853,0.9358974358974359,0.5488721804511278,0.4390976885037577,0.5631934193602715,0.10255331695764601,0.34833333333333333,0.7409274193548386,193
S2,KANSER,dnn,mcc_8020,0.6,"{'hidden': 128, 'n_layers': 2, 'dropout': 0.4, 'weight_decay': 0.001, 'lr': 0.001, 'focal_gamma': 2.0}",0.687960687960688,0.9790209790209791,0.5303030303030303,0.48447118234910136,0.6919431279620853,0.9358974358974359,0.5488721804511278,0.4390976885037577,0.5631934193602715,0.10255331695764601,0.34833333333333333,0.7409274193548386,193
S3,KANSER,nn,f1_raw,0.21,"{'hidden': 64, 'dropout': 0.5, 'weight_decay': 0.001, 'lr': 0.001, 'focal_gamma': 2.0}",0.9052631578947369,0.8431372549019608,0.9772727272727273,0.6650673260632348,0.903448275862069,0.8343949044585988,0.9849624060150376,0.6554619956972395,0.5293246753246753,0.01137039502164375,0.509090909090909,0.5357142857142857,193
S3,KANSER,nn,f1_8020,0.47,"{'hidden': 64, 'dropout': 0.5, 'weight_decay': 0.001, 'lr': 0.001, 'focal_gamma': 2.0}",0.85,0.9444444444444444,0.7727272727272727,0.6285648694397381,0.8166666666666667,0.9158878504672897,0.7368421052631579,0.5464892176446736,0.6221111175104983,0.06853347225751166,0.5,0.7368421052631579,193
S3,KANSER,nn,mcc_8020,0.47,"{'hidden': 64, 'dropout': 0.5, 'weight_decay': 0.001, 'lr': 0.001, 'focal_gamma': 2.0}",0.85,0.9444444444444444,0.7727272727272727,0.6285648694397381,0.8166666666666667,0.9158878504672897,0.7368421052631579,0.5464892176446736,0.6221111175104983,0.06853347225751166,0.5,0.7368421052631579,193
S4,KANSER,dnn,f1_raw,0.39,"{'hidden': 128, 'n_layers': 3, 'dropout': 0.5, 'weight_decay': 0.001, 'lr': 0.001, 'focal_gamma': 2.0}",0.9090909090909091,0.9090909090909091,0.9090909090909091,0.7090909090909091,0.8880597014925373,0.8814814814814815,0.8947368421052632,0.6340576337561316,0.5969774970563646,0.036666105970996024,0.5238095238095238,0.6521739130434783,193
S4,KANSER,dnn,f1_8020,0.53,"{'hidden': 128, 'n_layers': 3, 'dropout': 0.5, 'weight_decay': 0.001, 'lr': 0.001, 'focal_gamma': 2.0}",0.801762114537445,0.9578947368421052,0.6893939393939394,0.5773149544246862,0.7982456140350878,0.9578947368421052,0.6842105263157895,0.5717345177542774,0.6897455376021006,0.09163245696461242,0.48,0.8125,193
S4,KANSER,dnn,mcc_8020,0.53,"{'hidden': 128, 'n_layers': 3, 'dropout': 0.5, 'weight_decay': 0.001, 'lr': 0.001, 'focal_gamma': 2.0}",0.801762114537445,0.9578947368421052,0.6893939393939394,0.5773149544246862,0.7982456140350878,0.9578947368421052,0.6842105263157895,0.5717345177542774,0.6897455376021006,0.09163245696461242,0.48,0.8125,193
S1,PAH,lightgbm,f1_raw,0.45,,0.9856770833333334,1.0,0.9717586649550706,0.9696528620474868,0.9171974522292994,0.8944099378881988,0.9411764705882353,0.44453855815085475,0.452847018572825,0.04163792606466301,0.3333333333333333,0.48484848484848486,184
S1,PAH,lightgbm,f1_8020,0.45,,0.9856770833333334,1.0,0.9717586649550706,0.9696528620474868,0.9171974522292994,0.8944099378881988,0.9411764705882353,0.44453855815085475,0.452847018572825,0.04163792606466301,0.3333333333333333,0.48484848484848486,184
S1,PAH,lightgbm,mcc_8020,0.45,,0.9856770833333334,1.0,0.9717586649550706,0.9696528620474868,0.9171974522292994,0.8944099378881988,0.9411764705882353,0.44453855815085475,0.452847018572825,0.04163792606466301,0.3333333333333333,0.48484848484848486,184
S1,PAH,catboost,f1_raw,0.39,,0.9477000630119723,0.9306930693069307,0.9653401797175867,0.8837943059137089,0.9382716049382716,0.8888888888888888,0.9934640522875817,0.5558798255703576,0.452550038197097,0.016653104737505767,0.4117647058823529,0.45714285714285713,184
S1,PAH,catboost,f1_8020,0.6,,0.9408706952566601,0.9526315789473684,0.9293966623876765,0.8728327305272383,0.9084967320261438,0.9084967320261438,0.9084967320261438,0.45688382880033734,0.4894833901730453,0.05055864784198479,0.3348901098901099,0.5333333333333333,184
S1,PAH,catboost,mcc_8020,0.72,,0.9151391717583164,0.9711815561959655,0.865211810012837,0.8320984490001119,0.8797250859106529,0.927536231884058,0.8366013071895425,0.4443126517646069,0.5331717152412804,0.07328859857710678,0.31925465838509315,0.6153846153846154,184
S1,PAH,nn,f1_raw,0.37,"{'hidden': 64, 'dropout': 0.3, 'weight_decay': 0.001, 'lr': 0.001, 'focal_gamma': 2.0}",0.8675691583284285,0.8010869565217391,0.9460847240051348,0.6928319923751558,0.89375,0.8562874251497006,0.934640522875817,0.20738407226531885,0.3723546704599336,0.03659689176954019,0.28051209103840685,0.4,184
S1,PAH,nn,f1_8020,0.48,"{'hidden': 64, 'dropout': 0.3, 'weight_decay': 0.001, 'lr': 0.001, 'focal_gamma': 2.0}",0.8413234301147873,0.8874643874643875,0.7997432605905006,0.6769743665930377,0.8542372881355932,0.8873239436619719,0.8235294117647058,0.2741335210151778,0.4179926902907994,0.05714726897967071,0.2857142857142857,0.5,184
S1,PAH,nn,mcc_8020,0.48,"{'hidden': 64, 'dropout': 0.3, 'weight_decay': 0.001, 'lr': 0.001, 'focal_gamma': 2.0}",0.8413234301147873,0.8874643874643875,0.7997432605905006,0.6769743665930377,0.8542372881355932,0.8873239436619719,0.8235294117647058,0.2741335210151778,0.4179926902907994,0.05714726897967071,0.2857142857142857,0.5,184
S1,PAH,dnn,f1_raw,0.37,"{'hidden': 128, 'n_layers': 2, 'dropout': 0.4, 'weight_decay': 0.001, 'lr': 0.001, 'focal_gamma': 2.0}",0.8306208559373116,0.7829545454545455,0.8844672657252889,0.6068949991480799,0.8785046728971962,0.8392857142857143,0.9215686274509803,0.0672155949667989,0.3421324374245531,0.03381816981559412,0.2926829268292683,0.37209302325581395,184
S1,PAH,dnn,f1_8020,0.48,"{'hidden': 128, 'n_layers': 2, 'dropout': 0.4, 'weight_decay': 0.001, 'lr': 0.001, 'focal_gamma': 2.0}",0.7957894736842105,0.8777089783281734,0.7278562259306803,0.6082213961376052,0.8464163822525598,0.8857142857142857,0.8104575163398693,0.2582667514393952,0.4167382806292706,0.06023680827068028,0.2857142857142857,0.5,184
S1,PAH,dnn,mcc_8020,0.48,"{'hidden': 128, 'n_layers': 2, 'dropout': 0.4, 'weight_decay': 0.001, 'lr': 0.001, 'focal_gamma': 2.0}",0.7957894736842105,0.8777089783281734,0.7278562259306803,0.6082213961376052,0.8464163822525598,0.8857142857142857,0.8104575163398693,0.2582667514393952,0.4167382806292706,0.06023680827068028,0.2857142857142857,0.5,184
S2,PAH,lightgbm,f1_raw,0.18,,0.9951534733441034,0.9903536977491961,1.0,0.970790068725224,0.9101796407185628,0.8397790055248618,0.9934640522875817,0.1713587228661353,0.35178341555085735,0.013659438135197322,0.3181818181818182,0.35555555555555557,184
S2,PAH,lightgbm,f1_8020,0.22,,0.9934640522875817,1.0,0.987012987012987,0.9629091432233412,0.9129129129129129,0.8444444444444444,0.9934640522875817,0.23160661457221743,0.35979462398067047,0.013912903279101775,0.32558139534883723,0.36363636363636365,184
S2,PAH,lightgbm,mcc_8020,0.22,,0.9934640522875817,1.0,0.987012987012987,0.9629091432233412,0.9129129129129129,0.8444444444444444,0.9934640522875817,0.23160661457221743,0.35979462398067047,0.013912903279101775,0.32558139534883723,0.36363636363636365,184
S2,PAH,catboost,f1_raw,0.33,,0.9807692307692307,0.9683544303797469,0.9935064935064936,0.880373440651359,0.9123867069486404,0.848314606741573,0.9869281045751634,0.2443714697280831,0.366628852335035,0.01570011021383811,0.3333333333333333,0.37209302325581395,184
S2,PAH,catboost,f1_8020,0.51,,0.9632107023411371,0.993103448275862,0.935064935064935,0.8190719740242354,0.9025974025974026,0.896774193548387,0.9084967320261438,0.4030463223883134,0.4542882567932624,0.04575723020863899,0.35724137931034483,0.5,184
S2,PAH,catboost,mcc_8020,0.51,,0.9632107023411371,0.993103448275862,0.935064935064935,0.8190719740242354,0.9025974025974026,0.896774193548387,0.9084967320261438,0.4030463223883134,0.4542882567932624,0.04575723020863899,0.35724137931034483,0.5,184
S2,PAH,nn,f1_raw,0.36,"{'hidden': 128, 'dropout': 0.3, 'weight_decay': 0.001, 'lr': 0.001, 'focal_gamma': 2.0}",0.956661316211878,0.946031746031746,0.9675324675324676,0.7279141478279316,0.8698412698412699,0.845679012345679,0.8954248366013072,0.102640093964564,0.3592837957934236,0.03045100545817378,0.3076923076923077,0.3902439024390244,184
S2,PAH,nn,f1_8020,0.58,"{'hidden': 128, 'dropout': 0.3, 'weight_decay': 0.001, 'lr': 0.001, 'focal_gamma': 2.0}",0.8970331588132635,0.969811320754717,0.8344155844155844,0.5843577473205169,0.8137931034482758,0.8613138686131386,0.7712418300653595,0.13589521407784116,0.376732152098376,0.06629021836218059,0.21306451612903227,0.45714285714285713,184
S2,PAH,nn,mcc_8020,0.58,"{'hidden': 128, 'dropout': 0.3, 'weight_decay': 0.001, 'lr': 0.001, 'focal_gamma': 2.0}",0.8970331588132635,0.969811320754717,0.8344155844155844,0.5843577473205169,0.8137931034482758,0.8613138686131386,0.7712418300653595,0.13589521407784116,0.376732152098376,0.06629021836218059,0.21306451612903227,0.45714285714285713,184
S2,PAH,dnn,f1_raw,0.37,"{'hidden': 128, 'n_layers': 3, 'dropout': 0.4, 'weight_decay': 0.001, 'lr': 0.001, 'focal_gamma': 2.0}",0.9574803149606299,0.9296636085626911,0.987012987012987,0.7179194322142456,0.8706624605678234,0.8414634146341463,0.9019607843137255,0.07606025385146,0.3536594300008934,0.03304889565298724,0.2662179487179487,0.38095238095238093,184
S2,PAH,dnn,f1_8020,0.66,"{'hidden': 128, 'n_layers': 3, 'dropout': 0.4, 'weight_decay': 0.001, 'lr': 0.001, 'focal_gamma': 2.0}",0.8364312267657993,0.9782608695652174,0.7305194805194806,0.5004637694406963,0.7509293680297398,0.8706896551724138,0.6601307189542484,0.13667726010460748,0.3624557287231369,0.09307922470460785,0.17592307692307693,0.4666666666666667,184
S2,PAH,dnn,mcc_8020,0.66,"{'hidden': 128, 'n_layers': 3, 'dropout': 0.4, 'weight_decay': 0.001, 'lr': 0.001, 'focal_gamma': 2.0}",0.8364312267657993,0.9782608695652174,0.7305194805194806,0.5004637694406963,0.7509293680297398,0.8706896551724138,0.6601307189542484,0.13667726010460748,0.3624557287231369,0.09307922470460785,0.17592307692307693,0.4666666666666667,184
S3,PAH,nn,f1_raw,0.1,"{'hidden': 128, 'dropout': 0.3, 'weight_decay': 0.001, 'lr': 0.001, 'focal_gamma': 2.0}",0.9085545722713865,0.8324324324324325,1.0,0.0,0.9080118694362018,0.8315217391304348,1.0,0.0,0.34042553191489355,5.551115123125783e-17,0.3404255319148936,0.3404255319148936,184
S3,PAH,nn,f1_8020,0.3,"{'hidden': 128, 'dropout': 0.3, 'weight_decay': 0.001, 'lr': 0.001, 'focal_gamma': 2.0}",0.8978328173374613,0.8579881656804734,0.9415584415584416,0.22238332959668775,0.8853503184713376,0.8633540372670807,0.9084967320261438,0.22501334424919808,0.3854826254826255,0.03504991701261757,0.29642857142857143,0.42105263157894735,184
S3,PAH,nn,mcc_8020,0.59,"{'hidden': 128, 'dropout': 0.3, 'weight_decay': 0.001, 'lr': 0.001, 'focal_gamma': 2.0}",0.42786069651741293,0.9148936170212766,0.2792207792207792,0.12885149925582925,0.5047619047619047,0.9298245614035088,0.3464052287581699,0.17595143560762022,0.32833527257056666,0.15394936010029106,0.0,0.5882352941176471,184
S4,PAH,dnn,f1_raw,0.1,"{'hidden': 128, 'n_layers': 2, 'dropout': 0.4, 'weight_decay': 0.001, 'lr': 0.001, 'focal_gamma': 2.0}",0.8942598187311178,0.8361581920903954,0.961038961038961,0.046923132453444046,0.9085365853658537,0.8514285714285714,0.9738562091503268,0.23452610351826988,0.3762137049941927,0.012832395157148539,0.34146341463414637,0.38095238095238093,184
S4,PAH,dnn,f1_8020,0.54,"{'hidden': 128, 'n_layers': 2, 'dropout': 0.4, 'weight_decay': 0.001, 'lr': 0.001, 'focal_gamma': 2.0}",0.5814977973568282,0.9041095890410958,0.42857142857142855,0.1549400559928203,0.6554621848739496,0.9176470588235294,0.5098039215686274,0.21321314351345172,0.40523648693927344,0.10877095780766463,0.23529411764705882,0.5714285714285714,184
S4,PAH,dnn,mcc_8020,0.54,"{'hidden': 128, 'n_layers': 2, 'dropout': 0.4, 'weight_decay': 0.001, 'lr': 0.001, 'focal_gamma': 2.0}",0.5814977973568282,0.9041095890410958,0.42857142857142855,0.1549400559928203,0.6554621848739496,0.9176470588235294,0.5098039215686274,0.21321314351345172,0.40523648693927344,0.10877095780766463,0.23529411764705882,0.5714285714285714,184
