,0
ditto__score,340
mutpred1__external_protein_id,179
gnomad__af,171
primateai__primateai_score,134
metarnn__score,131
swissprot_domains__domain,123
alphamissense__am_pathogenicity,117
vest__score,106
metarnn__rank_score,103
allofus250k__gvs_max_af,101
mutpred1__mutpred_general_score,99
gmvp__score,98
revel__score,92
regeneron__ALL_AN,87
mistic__score,76
regeneron__ALL_AF,72
ncer__score,66
vest__pval,65
sift__seqs,65
bayesdel__bayesdel_addAF_score,64
cscape__score,60
primateai__primateai_rankscore,60
mutation_assessor__score,57
dann__score,56
bayesdel__bayesdel_addAF_rankscore,53
clinpred__score,51
allofus250k__gvs_max_an,51
chasmplus_UCEC__pval,51
polyphen2__hvar_rank,47
fitcons__fitcons_coding_score,46
phylop__phylop100_vert,45
varity_r__varity_r,44
eve__score,42
gnomad__af_sas,42
ensembl_regulatory_build__ensr,41
gmvp__rank_score,41
gnomad3__af,40
varity_r__varity_er_loo,37
sift__med,37
regeneron__ALL_AC,35
hg19__chrom,34
base__exonno,34
phylop__phylop470_mamm,33
varity_r__varity_r_loo,32
genehancer__ident,31
metalr__score,31
varity_r__varity_er,31
phastcons__phastcons17way_primate,31
chasmplus_PRAD__pval,31
esm1b__score,30
lrt__lrt_omega,30
chasmplus_SKCM__pval,30
metasvm__score,30
provean__score,28
allofus250k__gvs_eur_an,28
polyphen2__hdiv_rank,27
fathmm_xf__score,27
spliceai__ds_dg,27
alfa__total_freq,27
hg19__pos,27
gnomad__af_amr,26
allofus250k__gvs_all_ac,26
esm1b__rankscore,25
fathmm_xf_coding__fathmm_xf_coding_score,25
genocanyon__score,25
gnomad__af_fin,24
phdsnpg__fdr,24
chasmplus_LGG__pval,24
fathmm_mkl__fathmm_mkl_coding_score,24
phdsnpg__score,24
gnomad__af_afr,23
provean__rankscore,23
base__gposend,22
chasmplus_HNSC__pval,22
chasmplus_LUSC__pval,22
phylop__phylop17_primate,21
gerp__gerp_rs,21
interpro__domain,21
chasmplus_KIRC__pval,21
siphy__logodds_rank,21
allofus250k__gvs_max_ac,21
gnomad__af_nfe,20
dbscsnv__rf_score,20
segway__mean_score,20
allofus250k__gvs_all_an,20
gwas_catalog__pmid,20
fathmm_mkl__fathmm_mkl_group,20
mutpred2__rankscore,19
chasmplus__pval,19
allofus250k__gvs_afr_ac,18
chasmplus_KIRP__pval,18
dann_coding__dann_coding_score,18
chasmplus_LUAD__pval,18
gnomad3__af_nfe,18
gnomad__af_oth,17
phylop__phylop100_vert_r,17
genocanyon__rankscore,17
chasmplus_COAD__pval,17
gnomad__af_eas,17
lrt__lrt_score,17
siphy__logodds,17
gwas_catalog__pval,17
allofus250k__gvs_oth_ac,16
allofus250k__gvs_eur_ac,16
spliceai__dp_dl,16
spliceai__ds_dl,16
mutationtaster__prediction,15
chasmplus_KIRP__score,15
chasmplus_UCS__pval,15
allofus250k__gvs_afr_af,14
chasmplus_STAD__pval,14
chasmplus_UCEC__score,14
gerp__gerp_nr,14
gnomad3__af_sas,14
mutpred2__score,13
encode_tfbs__factor,13
gnomad__af_asj,13
cadd_exome__score,13
cadd__score,13
allofus250k__gvs_amr_ac,13
chasmplus_GBM__pval,13
mutationtaster__rankscore,13
gwas_catalog__or_beta,13
chasmplus_CESC__pval,13
chasmplus_OV__score,13
eve__rank_score,13
allofus250k__gvs_eas_ac,12
allofus250k__gvs_afr_an,12
chasmplus_GBM__score,12
cscape_coding__score,12
chasmplus_COAD__score,12
mutationtaster__score,12
fathmm_xf_coding__fathmm_xf_coding_rankscore,12
chasmplus_MESO__pval,12
alfa_other__other_freq,12
alfa__total_alt,12
chasmplus_LAML__pval,12
sift__score,12
bayesdel__bayesdel_noAF_score,12
chasmplus_LUSC__score,12
chasmplus_LAML__score,11
clinpred__rankscore,11
gnomad4__an_eas,11
thousandgenomes__af,11
chasmplus_ESCA__score,11
allofus250k__gvs_mid_an,11
metasvm__rankscore,11
chasmplus_READ__pval,11
chasmplus_SARC__pval,11
spliceai__ds_ag,11
dann_coding__dann_rankscore,10
chasmplus_HNSC__score,10
chasmplus__score,10
metalr__rankscore,10
genehancer__score,10
chasmplus_BRCA__pval,10
allofus250k__gvs_all_af,10
chasmplus_PAAD__pval,10
chasmplus_OV__pval,10
esp6500__aa_pop_af,10
chasmplus_ACC__pval,9
dbscsnv__ada_score,9
esp6500__ea_pop_af,9
chasmplus_UVM__pval,9
segway__sum_score,9
lrt__lrt_converted_rankscore,9
allofus250k__gvs_eas_an,9
allofus250k__gvs_amr_an,9
siphy__pi,8
phastcons__phastcons100_vert,8
chasmplus_KIRC__score,8
phylop__phylop17_primate_r,8
gerp__gerp_rs_rank,8
chasmplus_PRAD__score,8
allofus250k__gvs_oth_af,8
chasmplus_MESO__score,8
sift__rankscore,8
chasmplus_CHOL__pval,8
gnomad4__af,7
chasmplus_LUAD__score,7
gnomad3__af_afr,7
chasmplus_LGG__score,7
chasmplus_SARC__score,7
alfa_european__european_alt,7
chasmplus_STAD__score,7
chasmplus_THCA__pval,7
chasmplus_BLCA__score,7
funseq2__score,7
spliceai__dp_al,7
gnomad4__an_rem,7
alfa_european__european_freq,6
thousandgenomes__sas_af,6
thousandgenomes__afr_af,6
gnomad4__an_sas,6
gnomad4__af_nfe,6
chasmplus_ACC__score,6
chasmplus_BRCA__score,6
chasmplus_ESCA__pval,6
chasmplus_THCA__score,6
chasmplus_THYM__pval,6
gnomad3__af_asj,5
mutpred2__bp4_benign,5
thousandgenomes_european__tsi_af,5
chasmplus_BLCA__pval,5
chasmplus_DLBC__pval,5
chasmplus_DLBC__score,5
chasmplus_SKCM__score,5
allofus250k__gvs_sas_af,5
gnomad4__af_sas,5
gnomad3__af_lat,5
ccr__pct,4
bayesdel__bayesdel_noAF_rankscore,4
metarnn__pp3_pathogenic,4
alfa_other__other_alt,4
chasmplus_PCPG__score,4
thousandgenomes__eas_af,4
gnomad3__af_fin,4
gnomad4__an_mid,4
allofus250k__gvs_eur_af,4
spliceai__dp_ag,4
allofus250k__gvs_oth_an,4
uk10k_cohort__uk10k_alspac_ac,4
thousandgenomes_ad_mixed_american__pur_af,4
mutation_assessor__rankscore,4
chasmplus_LIHC__score,4
chasmplus_UVM__score,4
gnomad4__an,4
chasmplus_UCS__score,4
gnomad3__af_eas,4
spliceai__ds_al,4
chasmplus_PCPG__pval,4
revel__pp3_pathogenic,3
chasmplus_PAAD__score,3
mutationtaster__model,3
uk10k_cohort__uk10k_ac,3
polyphen2__hdiv_pred,3
phylop__phylop470_mamm_r,3
thousandgenomes_east_asian__cdx_af,3
thousandgenomes_european__gbr_af,3
gnomad4__nhomalt_afr,3
chasmplus_LIHC__pval,3
chasmplus_KICH__pval,3
chasmplus_KICH__score,3
spliceai__dp_dg,3
gnomad4__an_amr,3
gnomad4__ac,3
esm1b__pp3_pathogenic,3
gwas_catalog__risk_allele_match,3
gnomad4__af_fin,3
gnomad4__an_fin,3
allofus250k__gvs_mid_ac,3
chasmplus_THYM__score,3
sift__pp3_pathogenic,3
metarnn__bp4_benign,3
gnomad4__af_rem,3
chasmplus_CHOL__score,2
varity_r__pp3_pathogenic,2
gnomad4__af_afr,2
polyphen2__hvar_pred,2
chasmplus_TGCT__pval,2
gnomad4__an_afr,2
chasmplus_CESC__score,2
thousandgenomes__eur_af,2
gnomad3__af_oth,2
thousandgenomes_ad_mixed_american__pel_af,2
ccr__syn_density,2
gnomad4__an_nfe,2
fathmm_mkl__fathmm_mkl_coding_rankscore,2
gnomad4__ac_amr,2
genehancer__target_genes,2
thousandgenomes_south_asian__pjl_af,2
ccr__cpg,2
gnomad4__af_asj,2
gnomad4__an_asj,2
fathmm_xf_coding__pp3_pathogenic,2
allofus250k__gvs_sas_ac,2
bayesdel__pp3_pathogenic,2
lrt__lrt_pred,2
thousandgenomes_european__ceu_af,2
mutation_assessor__pp3_pathogenic,2
gnomad4__af_mid,2
metalr__pp3_pathogenic,1
thousandgenomes_european__fin_af,1
thousandgenomes__amr_af,1
metalr__pred,1
cardioboost__cardiomyopathy,1
metasvm__pp3_pathogenic,1
fathmm_mkl__bp4_benign,1
vest__pp3_pathogenic,1
mutation_assessor__bp4_benign,1
cadd__pp3_pathogenic,1
mistic__pp3_pathogenic,1
brca1_func_assay__score,1
alphamissense__am_class,1
cadd__phred,1
mutpred1__pp3_pathogenic,1
mutpred2__pp3_pathogenic,1
uk10k_cohort__uk10k_af,1
uk10k_cohort__uk10k_alspac_af,1
thousandgenomes_african__acb_af,1
phdsnpg__pp3_pathogenic,1
thousandgenomes_african__lwk_af,1
thousandgenomes_east_asian__khv_af,1
original_input__chrom,1
thousandgenomes_south_asian__stu_af,1
genehancer__feature_name,1
ccr__cov_score,1
gnomad4__af_eas,1
allofus250k__gvs_eas_af,1
gnomad4__ac_nfe,1
gnomad4__nhomalt_nfe,1
chasmplus_READ__score,1
allofus250k__gvs_amr_af,1
allofus250k__gvs_sas_an,1
phastcons__phastcons17way_primate_r,1
chasmplus_TGCT__score,1
gnomad4__ac_asj,1
gnomad4__nhomalt_rem,1
gnomad4__nhomalt_sas,1
ccr__resid,1
fitcons__fitcons_coding_pred,1
swissprot_domains__topo,0
metarnn__pred,0
metarnn__all_annotations,0
alfa_asian__east_alt,0
metasvm__pred,0
mistic__bp4_benign,0
mistic__pred,0
abraom__allele_freq,0
sift__prediction,0
mirbase__id,0
mirbase__name,0
sift__bp4_benign,0
mutation_assessor__impact,0
sift__confidence,0
swissprot_binding__act,0
metalr__bp4_benign,0
gwas_catalog__disease,0
swissprot_binding__np,0
gerp__bp4_benign,0
geuvadis__gene,0
gmvp__all_annotations,0
grasp__phenotype,0
swissprot_binding__metal,0
vista_enhancer__element,0
gtex__gtex_gene,0
gtex__gtex_tissue,0
gwas_catalog__init_samp,0
revel__bp4_benign,0
gwas_catalog__rep_samp,0
gwas_catalog__risk_allele,0
swissprot_binding__pubmed,0
gwas_catalog__ci,0
swissprot_binding__dna,0
gwas_catalog__all_annots,0
vest__bp4_benign,0
swissprot_binding__ca,0
javierre_promoters__regions,0
swissprot_domains__transmem,0
mutpred1__mutpred_top5_mechanisms,0
mutpred1__amino_acid_substitution,0
regulomedb__ra,0
phdsnpg__prediction,0
swissprot_ptm__carbohyd,0
phdsnpg__bp4_benign,0
regulomedb__motif,0
phylop__bp4_benign,0
regulomedb__dnase_peak,0
regulomedb__tf_binding,0
phylop__pp3_pathogenic,0
swissprot_ptm__lipid,0
swissprot_domains__repeat,0
swissprot_domains__peptide,0
provean__prediction,0
varity_r__bp4_benign,0
swissprot_ptm__pubmed,0
swissprot_ptm__transit,0
primateai__pp3_pathogenic,0
primateai__bp4_benign,0
primateai__primateai_pred,0
swissprot_ptm__signal,0
swissprot_ptm__propep,0
pharmgkb__has_sig,0
pharmgkb__drug_assoc,0
mutpred1__bp4_benign,0
ncrna__ncrnaclass,0
repeat__repeatname,0
repeat__repeatfamily,0
repeat__repeatclass,0
mutpred2__top5_mechanisms,0
mutpred2__all_annotations,0
regulomedb__matched_dnase_footprint,0
regulomedb__matched_tf_motif,0
regulomedb__eqtl,0
swissprot_domains__pubmed,0
ncrna__ncrnaname,0
pharmgkb__pheno_cat,0
swissprot_ptm__crosslnk,0
original_input__ref_base,0
original_input__alt_base,0
swissprot_ptm__disulfid,0
swissprot_domains__intramem,0
swissprot_domains__motif,0
pharmgkb__id,0
pharmgkb__chemicals,0
regulomedb__dnase_footprint,0
swissprot_binding__zn,0
arrvars__unaff,0
funseq2__motif,0
gnomad4__ac_fin,0
gnomad4__ac_mid,0
gnomad4__nhomalt_mid,0
gnomad4__ac_sas,0
gnomad4__ac_rem,0
hgdp__african_allele_freq,0
hgdp__cs_asian_allele_freq,0
hgdp__east_asian_allele_freq,0
hgdp__european_allele_freq,0
hgdp__middle_eastern_allele_freq,0
hgdp__native_american_allele_freq,0
hgdp__oceanian_allele_freq,0
linsight__value,0
mutpred1__mutpred_rankscore,0
phastcons__phastcons100_vert_r,0
phastcons__phastcons470_mamm,0
phastcons__phastcons470_mamm_r,0
arrvars__brs_penetrance,0
alfa_latin_american__latin2_freq,0
alfa_latin_american__latin2_alt,0
alfa_latin_american__latin1_freq,0
alfa_latin_american__latin1_alt,0
revel__rankscore,0
thousandgenomes_ad_mixed_american__clm_af,0
thousandgenomes_ad_mixed_american__mxl_af,0
thousandgenomes_african__asw_af,0
gnomad4__nhomalt_fin,0
gnomad4__nhomalt_eas,0
funseq2__hot,0
gnomad4__ac_eas,0
arrvars__lqt_penetrance,0
arrvars__lqt,0
aloft__dominant,0
cadd_exome__phred,0
cancer_genome_interpreter__resistant,0
cancer_genome_interpreter__responsive,0
cancer_genome_interpreter__other,0
cardioboost__arrhythmias,0
ccr__resid_pct,0
aloft__recessive,0
aloft__tolerant,0
civic__id,0
civic__molecular_profile_score,0
cscape_coding__rankscore,0
allofus250k__gvs_mid_af,0
fitcons__fitcons_coding_rankscore,0
gnomad4__nhomalt,0
gnomad4__ac_afr,0
gnomad4__af_ami,0
gnomad4__an_ami,0
gnomad4__ac_ami,0
gnomad4__nhomalt_ami,0
gnomad4__af_amr,0
gnomad4__nhomalt_amr,0
gnomad4__nhomalt_asj,0
thousandgenomes_african__esn_af,0
thousandgenomes_african__gwd_af,0
thousandgenomes_african__msl_af,0
thousandgenomes_african__yri_af,0
cadd_exome__bp4_benign,0
cancer_hotspots__samples,0
cardioboost__cardiomyopathy1,0
cardioboost__arrhythmias1,0
ccre_screen__acc_d,0
ccre_screen__acc_e,0
ccre_screen___group,0
civic__diseases,0
civic__description,0
dann__bp4_benign,0
dann_coding__bp4_benign,0
dbsnp__rsid,0
dbsnp_common__rsid,0
denovo__PubmedId,0
denovo__PrimaryPhenotype,0
denovo__Validation,0
ensembl_regulatory_build__region,0
alfa_asian__east_freq,0
esm1b__prediction,0
esm1b__bp4_benign,0
eve__all_annotations,0
fathmm_mkl__fathmm_mkl_coding_pred,0
fathmm_xf_coding__fathmm_xf_coding_pred,0
flank_seq__ref_seq,0
flank_seq__alt_seq,0
cadd__bp4_benign,0
brca1_func_assay__class,0
bayesdel__bp4_benign,0
alfa_asian__other_freq,0
thousandgenomes_east_asian__chb_af,0
thousandgenomes_east_asian__jpt_af,0
thousandgenomes_east_asian__chs_af,0
thousandgenomes_european__ibs_af,0
thousandgenomes_south_asian__beb_af,0
thousandgenomes_south_asian__gih_af,0
thousandgenomes_south_asian__itu_af,0
uk10k_cohort__uk10k_twins_ac,0
uk10k_cohort__uk10k_twins_af,0
alfa_asian__asian_freq,0
alfa_asian__asian_alt,0
alfa_asian__other_alt,0
bayesdel__bayesdel_noAF_pred,0
alfa_asian__south_freq,0
alfa_asian__south_alt,0
allofus250k__gvs_max_subpop,0
aloft__affect,0
aloft__pred,0
alphamissense__bp4_benign,0
alphamissense__pp3_pathogenic,0
arrvars__function,0
arrvars__brs_structure,0
arrvars__lqt_structure,0
bayesdel__bayesdel_addAF_pred,0
vista_enhancer__features,0
