fe_mode,panel,model,thr_mode,threshold,train_f1,train_precision,train_recall,train_mcc,test_f1_5050,test_precision_5050,test_recall_5050,test_mcc_5050,test_f1_8020_mean,test_f1_8020_std,test_f1_8020_lo,test_f1_8020_hi,n_test
no_fe,CFTR,lightgbm,f1_raw,0.43,0.7853025936599424,0.7590529247910863,0.8134328358208955,0.543542799240064,0.8809523809523809,0.9487179487179487,0.8222222222222222,0.5533499799528752,0.6283333333333333,0.18435537627610635,0.07500000000000002,0.75,56
no_fe,CFTR,lightgbm,f1_8020,0.65,0.752,0.8103448275862069,0.7014925373134329,0.5313643778139788,0.85,0.9714285714285714,0.7555555555555555,0.5454433219945198,0.6697142857142856,0.2072030782740896,0.09000000000000004,0.8571428571428571,56
no_fe,CFTR,lightgbm,mcc_8020,0.65,0.752,0.8103448275862069,0.7014925373134329,0.5313643778139788,0.85,0.9714285714285714,0.7555555555555555,0.5454433219945198,0.6697142857142856,0.2072030782740896,0.09000000000000004,0.8571428571428571,56
no_fe,CFTR,catboost,f1_raw,0.36,0.7805194805194805,0.6908045977011494,0.8970149253731343,0.5019283533770984,0.9302325581395349,0.975609756097561,0.8888888888888888,0.7159075429722652,0.7931428571428569,0.11388883468833397,0.46,0.8571428571428571,56
no_fe,CFTR,catboost,f1_8020,0.61,0.7420965058236273,0.8383458646616542,0.6656716417910448,0.5393243356083979,0.8157894736842105,1.0,0.6888888888888889,0.550555275255002,0.7639999999999999,0.2636361128525453,0.0,1.0,56
no_fe,CFTR,catboost,mcc_8020,0.61,0.7420965058236273,0.8383458646616542,0.6656716417910448,0.5393243356083979,0.8157894736842105,1.0,0.6888888888888889,0.550555275255002,0.7639999999999999,0.2636361128525453,0.0,1.0,56
no_fe,CFTR,nn,f1_raw,0.34,0.7408394403730846,0.6690734055354994,0.8298507462686567,0.412367303758311,0.8604651162790697,0.9024390243902439,0.8222222222222222,0.4114202841891245,0.48611111111111116,0.14002314623476178,0.25,0.6,56
no_fe,CFTR,nn,f1_8020,0.53,0.652027027027027,0.7509727626459144,0.5761194029850746,0.3831404478680879,0.7123287671232876,0.9285714285714286,0.5777777777777777,0.3146266024828463,0.5414285714285714,0.1862665780413601,0.07500000000000002,0.75,56
no_fe,CFTR,nn,mcc_8020,0.53,0.652027027027027,0.7509727626459144,0.5761194029850746,0.3831404478680879,0.7123287671232876,0.9285714285714286,0.5777777777777777,0.3146266024828463,0.5414285714285714,0.1862665780413601,0.07500000000000002,0.75,56
no_fe,CFTR,dnn,f1_raw,0.33,0.7396562698917887,0.6448390677025527,0.8671641791044776,0.392689703876997,0.8863636363636364,0.9069767441860465,0.8666666666666667,0.4733592233193649,0.5234444444444445,0.12435656619397126,0.25,0.6,56
no_fe,CFTR,dnn,f1_8020,0.52,0.6294681778552746,0.7568134171907757,0.5388059701492537,0.3696213153987036,0.8051948051948052,0.96875,0.6888888888888889,0.4800743488996059,0.6525714285714286,0.20059991657678283,0.4,0.8571428571428571,56
no_fe,CFTR,dnn,mcc_8020,0.54,0.5746268656716418,0.7661691542288557,0.4597014925373134,0.3374134250579062,0.8,1.0,0.6666666666666666,0.5310850045437944,0.774,0.22163934668736057,0.5,1.0,56
no_fe,CFTR,nn_ft,f1_raw,0.35,0.8471074380165289,0.7864450127877238,0.917910447761194,0.6679703468553005,0.810126582278481,0.9411764705882353,0.7111111111111111,0.4305740905188479,0.5438095238095237,0.1929811476699449,0.07500000000000002,0.75,56
no_fe,CFTR,nn_ft,f1_8020,0.45,0.8162291169451074,0.8739352640545145,0.7656716417910447,0.6521970437734871,0.7123287671232876,0.9285714285714286,0.5777777777777777,0.3146266024828463,0.47023809523809523,0.21516025246397813,0.0,0.75,56
no_fe,CFTR,nn_ft,mcc_8020,0.45,0.8162291169451074,0.8739352640545145,0.7656716417910447,0.6521970437734871,0.7123287671232876,0.9285714285714286,0.5777777777777777,0.3146266024828463,0.47023809523809523,0.21516025246397813,0.0,0.75,56
no_fe,CFTR,dnn_ft,f1_raw,0.37,0.8501400560224089,0.8007915567282322,0.9059701492537313,0.6768401892469316,0.7466666666666667,0.9333333333333333,0.6222222222222222,0.35083797269862776,0.4888095238095238,0.21083746735749642,0.0,0.75,56
no_fe,CFTR,dnn_ft,f1_8020,0.52,0.7581930912311781,0.9324618736383442,0.6388059701492538,0.6175544214166996,0.6470588235294118,0.9565217391304348,0.4888888888888889,0.32139768092563215,0.5024761904761905,0.23963358272215096,0.0,0.8571428571428571,56
no_fe,CFTR,dnn_ft,mcc_8020,0.52,0.7581930912311781,0.9324618736383442,0.6388059701492538,0.6175544214166996,0.6470588235294118,0.9565217391304348,0.4888888888888889,0.32139768092563215,0.5024761904761905,0.23963358272215096,0.0,0.8571428571428571,56
no_fe,CFTR,stack_lr,f1_raw,0.44,0.8599105812220567,0.8586309523809523,0.8611940298507462,0.7116496231780923,0.7894736842105263,0.967741935483871,0.6666666666666666,0.4601415057116586,0.6015238095238095,0.22752426797378517,0.0,0.8571428571428571,56
no_fe,CFTR,stack_lr,f1_8020,0.67,0.8357487922705314,0.9073426573426573,0.7746268656716417,0.6962325167714017,0.7222222222222222,0.9629629629629629,0.5777777777777777,0.38710926171421095,0.5634285714285714,0.22424767648330998,0.0,0.8571428571428571,56
no_fe,CFTR,stack_lr,mcc_8020,0.67,0.8357487922705314,0.9073426573426573,0.7746268656716417,0.6962325167714017,0.7222222222222222,0.9629629629629629,0.5777777777777777,0.38710926171421095,0.5634285714285714,0.22424767648330998,0.0,0.8571428571428571,56
no_fe,CFTR,stack_gbm,f1_raw,0.42,0.9022447501810282,0.8762306610407876,0.9298507462686567,0.7941817111394199,0.7894736842105263,0.967741935483871,0.6666666666666666,0.4601415057116586,0.6068571428571428,0.22585721815606705,0.0,0.8571428571428571,56
no_fe,CFTR,stack_gbm,f1_8020,0.77,0.8508845829823083,0.97678916827853,0.753731343283582,0.7509395050829994,0.6857142857142857,0.96,0.5333333333333333,0.3535824201784324,0.5238095238095237,0.24142434484888692,0.0,0.8571428571428571,56
no_fe,CFTR,stack_gbm,mcc_8020,0.77,0.8508845829823083,0.97678916827853,0.753731343283582,0.7509395050829994,0.6857142857142857,0.96,0.5333333333333333,0.3535824201784324,0.5238095238095237,0.24142434484888692,0.0,0.8571428571428571,56
no_fe,KANSER,lightgbm,f1_raw,0.29,0.7971188475390156,0.7304730473047305,0.8771466314398944,0.5374258052882132,0.927536231884058,0.8951048951048951,0.9624060150375939,0.7526204288076178,0.6545172656800563,0.016121073862589094,0.6363636363636364,0.6666666666666666,193
no_fe,KANSER,lightgbm,f1_8020,0.61,0.7716643741403026,0.8048780487804879,0.7410832232496698,0.5421668083847803,0.890625,0.926829268292683,0.8571428571428571,0.6807803767397438,0.7039744361849626,0.04493222887129103,0.6285714285714286,0.7692307692307693,193
no_fe,KANSER,lightgbm,mcc_8020,0.61,0.7716643741403026,0.8048780487804879,0.7410832232496698,0.5421668083847803,0.890625,0.926829268292683,0.8571428571428571,0.6807803767397438,0.7039744361849626,0.04493222887129103,0.6285714285714286,0.7692307692307693,193
no_fe,KANSER,catboost,f1_raw,0.36,0.7967289719626168,0.7141361256544503,0.9009247027741083,0.5304730681639955,0.9314079422382672,0.8958333333333334,0.9699248120300752,0.765613003873143,0.6526427061310782,0.018609055151765332,0.6046511627906976,0.6666666666666666,193
no_fe,KANSER,catboost,f1_8020,0.6,0.7543859649122807,0.8445171849427169,0.6816380449141347,0.5486981255034813,0.889763779527559,0.9338842975206612,0.849624060150376,0.685538486079396,0.7202675211901218,0.05029856028025026,0.6470588235294118,0.7894736842105263,193
no_fe,KANSER,catboost,mcc_8020,0.6,0.7543859649122807,0.8445171849427169,0.6816380449141347,0.5486981255034813,0.889763779527559,0.9338842975206612,0.849624060150376,0.685538486079396,0.7202675211901218,0.05029856028025026,0.6470588235294118,0.7894736842105263,193
no_fe,KANSER,nn,f1_raw,0.26,0.7547380156075808,0.6528447444551592,0.8943196829590488,0.40976471112103213,0.9010238907849829,0.825,0.9924812030075187,0.6464234050935133,0.5141197822141561,0.008453324897745848,0.49122807017543857,0.5172413793103449,193
no_fe,KANSER,nn,f1_8020,0.49,0.7023977433004231,0.7534039334341907,0.6578599735799208,0.42083974797488016,0.8103448275862069,0.9494949494949495,0.706766917293233,0.5773113758569112,0.6875874831230455,0.06820714085676292,0.5714285714285714,0.7878787878787878,193
no_fe,KANSER,nn,mcc_8020,0.49,0.7023977433004231,0.7534039334341907,0.6578599735799208,0.42083974797488016,0.8103448275862069,0.9494949494949495,0.706766917293233,0.5773113758569112,0.6875874831230455,0.06820714085676292,0.5714285714285714,0.7878787878787878,193
no_fe,KANSER,dnn,f1_raw,0.33,0.7632311977715878,0.6599229287090559,0.904887714663144,0.4331889645132835,0.8951048951048951,0.8366013071895425,0.9624060150375939,0.6231764065539717,0.5274723040760777,0.021712618267177682,0.49056603773584906,0.5454545454545454,193
no_fe,KANSER,dnn,f1_8020,0.52,0.6666666666666666,0.7988929889298892,0.571994715984148,0.4256830089828869,0.7913043478260869,0.9381443298969072,0.6842105263157895,0.5408157611110164,0.6504022967025486,0.07720344032014767,0.45694444444444443,0.7647058823529411,193
no_fe,KANSER,dnn,mcc_8020,0.53,0.6434782608695652,0.8011811023622047,0.5376486129458389,0.4079236952986276,0.7787610619469026,0.946236559139785,0.6616541353383458,0.5357088060373175,0.6586006756323448,0.08563071751685593,0.4743589743589744,0.7878787878787878,193
no_fe,KANSER,nn_ft,f1_raw,0.37,0.8347613219094248,0.7776510832383124,0.9009247027741083,0.630417660770323,0.9070631970260223,0.8970588235294118,0.9172932330827067,0.6939452439892683,0.6380689866004672,0.03853013945626744,0.55,0.6818181818181818,193
no_fe,KANSER,nn_ft,f1_8020,0.45,0.7948350071736011,0.869701726844584,0.7318361955085865,0.614088485358845,0.8446215139442231,0.8983050847457628,0.7969924812030075,0.5668898377873501,0.5991029783884122,0.06193087081080952,0.4667857142857143,0.6829268292682927,193
no_fe,KANSER,nn_ft,mcc_8020,0.49,0.7629179331306991,0.8980322003577818,0.6631439894319683,0.5944074933117436,0.8235294117647058,0.9333333333333333,0.7368421052631579,0.5763416725791243,0.6557755717785816,0.07832459556677261,0.4827586206896552,0.7699206349206349,193
no_fe,KANSER,dnn_ft,f1_raw,0.39,0.8028169014084507,0.7222808870116156,0.9035667107001321,0.5465196250194758,0.9045936395759717,0.8533333333333334,0.9624060150375939,0.6626403449011823,0.5605814387293379,0.020598299017791026,0.52,0.5769230769230769,193
no_fe,KANSER,dnn_ft,f1_8020,0.47,0.7605432451751251,0.8286604361370716,0.702774108322325,0.5447940488216653,0.8433734939759037,0.9051724137931034,0.7894736842105263,0.5729283126663016,0.6221060185270711,0.05649256301207615,0.5142857142857142,0.7,193
no_fe,KANSER,dnn_ft,mcc_8020,0.49,0.7212863705972435,0.8579234972677595,0.6221928665785997,0.5227838410429388,0.8117154811715481,0.9150943396226415,0.7293233082706767,0.5389021159549416,0.615752001490142,0.06891518142353867,0.5,0.7027027027027027,193
no_fe,KANSER,stack_lr,f1_raw,0.44,0.842985842985843,0.821831869510665,0.8652575957727873,0.6608191108548026,0.917910447761194,0.9111111111111111,0.924812030075188,0.7317217385565573,0.684895202358617,0.02823698640958046,0.6153846153846154,0.7142857142857143,193
no_fe,KANSER,stack_lr,f1_8020,0.58,0.8228730822873083,0.8714918759231906,0.7793923381770145,0.6527880061646343,0.888030888030888,0.9126984126984127,0.8646616541353384,0.6624227105506495,0.6654965594606159,0.039737213636694614,0.5945945945945946,0.7317073170731707,193
no_fe,KANSER,stack_lr,mcc_8020,0.58,0.8228730822873083,0.8714918759231906,0.7793923381770145,0.6527880061646343,0.888030888030888,0.9126984126984127,0.8646616541353384,0.6624227105506495,0.6654965594606159,0.039737213636694614,0.5945945945945946,0.7317073170731707,193
no_fe,KANSER,stack_gbm,f1_raw,0.35,0.8883405305367057,0.8333333333333334,0.9511228533685601,0.7549780084965017,0.9280575539568345,0.8896551724137931,0.9699248120300752,0.7530288182518229,0.6351267784007926,0.024679552237137352,0.5909090909090909,0.6521739130434783,193
no_fe,KANSER,stack_gbm,f1_8020,0.76,0.8353293413173652,0.9637305699481865,0.7371202113606341,0.719677851637691,0.8685258964143426,0.923728813559322,0.8195488721804511,0.6357876581229663,0.6828487287682333,0.04247749702094974,0.5973109243697479,0.7368421052631579,193
no_fe,KANSER,stack_gbm,mcc_8020,0.79,0.8093023255813954,0.9793621013133208,0.6895640686922061,0.6967691898515876,0.8582995951417004,0.9298245614035088,0.7969924812030075,0.6247130229110383,0.6899708187943482,0.04774258972462779,0.6060606060606061,0.7567567567567568,193
no_fe,PAH,lightgbm,f1_raw,0.4,0.8081431215299199,0.7779097387173397,0.8408215661103979,0.5622442250711734,0.926984126984127,0.9012345679012346,0.954248366013072,0.5054173347354597,0.47464516129032264,0.02989408984565866,0.4,0.5,184
no_fe,PAH,lightgbm,f1_8020,0.72,0.7623762376237624,0.8488188976377953,0.6919127086007703,0.5471926620176247,0.9,0.9183673469387755,0.8823529411764706,0.46248422626170393,0.5140476721346288,0.06028095427967582,0.34833333333333333,0.5714285714285714,184
no_fe,PAH,lightgbm,mcc_8020,0.78,0.7332843497428362,0.8573883161512027,0.6405648267008985,0.5215331569109545,0.8956228956228957,0.9236111111111112,0.869281045751634,0.46682276035664083,0.5260002335828422,0.07441562479429273,0.36331521739130435,0.5925925925925926,184
no_fe,PAH,catboost,f1_raw,0.43,0.8066707844348363,0.7773809523809524,0.8382541720154044,0.5593702345848636,0.925,0.8862275449101796,0.9673202614379085,0.45809806238896317,0.44245168067226887,0.02716590464962516,0.4117647058823529,0.45714285714285713,184
no_fe,PAH,catboost,f1_8020,0.55,0.7941372418387741,0.8254847645429363,0.7650834403080873,0.5709126820047838,0.9090909090909091,0.9032258064516129,0.9150326797385621,0.44289614684798545,0.4732164368404635,0.05059952243529236,0.3099867724867725,0.5161290322580645,184
no_fe,PAH,catboost,mcc_8020,0.54,0.7931034482758621,0.8203017832647462,0.7676508344030809,0.5659381956646866,0.912621359223301,0.9038461538461539,0.9215686274509803,0.4560993696242152,0.4752631554166593,0.05022280139170078,0.3099867724867725,0.5161290322580645,184
no_fe,PAH,nn,f1_raw,0.3,0.761596548004315,0.6567441860465116,0.9062901155327343,0.3950558997745615,0.9090909090909091,0.847457627118644,0.9803921568627451,0.214094318460658,0.36589147286821705,0.014209537038622766,0.3333333333333333,0.37209302325581395,184
no_fe,PAH,nn,f1_8020,0.51,0.7031578947368421,0.7755417956656346,0.6431322207958922,0.4226459866701811,0.8542372881355932,0.8873239436619719,0.8235294117647058,0.2741335210151778,0.4212318449070396,0.055410053631236515,0.2857142857142857,0.5,184
no_fe,PAH,nn,mcc_8020,0.51,0.7031578947368421,0.7755417956656346,0.6431322207958922,0.4226459866701811,0.8542372881355932,0.8873239436619719,0.8235294117647058,0.2741335210151778,0.4212318449070396,0.055410053631236515,0.2857142857142857,0.5,184
no_fe,PAH,dnn,f1_raw,0.32,0.7591881513987931,0.6628352490421456,0.8883183568677792,0.3935456584214518,0.896969696969697,0.8361581920903954,0.9673202614379085,0.06228948379105849,0.34733333333333327,0.015481932556700922,0.3181818181818182,0.35555555555555557,184
no_fe,PAH,dnn,f1_8020,0.52,0.6893063583815029,0.7884297520661157,0.6123234916559692,0.4208717912429507,0.7785714285714286,0.8582677165354331,0.7124183006535948,0.10666309142072031,0.3546381045288982,0.06983909062819113,0.20689655172413793,0.46016042780748656,184
no_fe,PAH,dnn,mcc_8020,0.52,0.6893063583815029,0.7884297520661157,0.6123234916559692,0.4208717912429507,0.7785714285714286,0.8582677165354331,0.7124183006535948,0.10666309142072031,0.3546381045288982,0.06983909062819113,0.20689655172413793,0.46016042780748656,184
no_fe,PAH,nn_ft,f1_raw,0.35,0.8432304038004751,0.7845303867403315,0.9114249037227214,0.6339371146368323,0.8655737704918033,0.868421052631579,0.8627450980392157,0.21486038610880678,0.3848877005347593,0.046074387435162824,0.2619318181818182,0.4444444444444444,184
no_fe,PAH,nn_ft,f1_8020,0.41,0.8297172912557528,0.8504043126684636,0.810012836970475,0.6388197326303796,0.845360824742268,0.8913043478260869,0.803921568627451,0.27664750015532125,0.42548463969598566,0.06243409508291048,0.2962962962962963,0.5161290322580645,184
no_fe,PAH,nn_ft,mcc_8020,0.41,0.8297172912557528,0.8504043126684636,0.810012836970475,0.6388197326303796,0.845360824742268,0.8913043478260869,0.803921568627451,0.27664750015532125,0.42548463969598566,0.06243409508291048,0.2962962962962963,0.5161290322580645,184
no_fe,PAH,dnn_ft,f1_raw,0.38,0.8513189448441247,0.7986501687289089,0.9114249037227214,0.6552009388476362,0.8766233766233766,0.8709677419354839,0.8823529411764706,0.24364702454962525,0.39604931669637544,0.044430886119406966,0.30303030303030304,0.4444444444444444,184
no_fe,PAH,dnn_ft,f1_8020,0.48,0.8084507042253521,0.8954758190327613,0.7368421052631579,0.6359973802427844,0.8450704225352113,0.916030534351145,0.7843137254901961,0.35496937348960433,0.48494201547245025,0.07496991731542334,0.28962450592885375,0.5925925925925926,184
no_fe,PAH,dnn_ft,mcc_8020,0.48,0.8084507042253521,0.8954758190327613,0.7368421052631579,0.6359973802427844,0.8450704225352113,0.916030534351145,0.7843137254901961,0.35496937348960433,0.48494201547245025,0.07496991731542334,0.28962450592885375,0.5925925925925926,184
no_fe,PAH,stack_lr,f1_raw,0.41,0.8694550063371356,0.8585732165206508,0.8806161745827985,0.7103506423764189,0.9150326797385621,0.9150326797385621,0.9150326797385621,0.4956778410288847,0.513355496610669,0.04854183395453948,0.38461538461538464,0.5517241379310345,184
no_fe,PAH,stack_lr,f1_8020,0.55,0.8637566137566137,0.8908594815825375,0.8382541720154044,0.7138333701361332,0.9,0.9183673469387755,0.8823529411764706,0.46248422626170393,0.5125531666401232,0.06524757596750969,0.34833333333333333,0.5714285714285714,184
no_fe,PAH,stack_lr,mcc_8020,0.55,0.8637566137566137,0.8908594815825375,0.8382541720154044,0.7138333701361332,0.9,0.9183673469387755,0.8823529411764706,0.46248422626170393,0.5125531666401232,0.06524757596750969,0.34833333333333333,0.5714285714285714,184
no_fe,PAH,stack_gbm,f1_raw,0.38,0.9006785934608267,0.8669833729216152,0.9370988446726572,0.7753077577421464,0.8961038961038961,0.8903225806451613,0.9019607843137255,0.36319649792864134,0.44601577510365054,0.04396847148155866,0.3333333333333333,0.48484848484848486,184
no_fe,PAH,stack_gbm,f1_8020,0.73,0.8686440677966102,0.9654631083202512,0.7894736842105263,0.7579405564732747,0.8273381294964028,0.92,0.7516339869281046,0.3440779475140583,0.4836958867219737,0.10025120928766354,0.2192857142857143,0.6153846153846154,184
no_fe,PAH,stack_gbm,mcc_8020,0.73,0.8686440677966102,0.9654631083202512,0.7894736842105263,0.7579405564732747,0.8273381294964028,0.92,0.7516339869281046,0.3440779475140583,0.4836958867219737,0.10025120928766354,0.2192857142857143,0.6153846153846154,184
with_fe,CFTR,lightgbm,f1_raw,0.39,0.7840909090909091,0.7479674796747967,0.8238805970149253,0.5353924672689337,0.9302325581395349,0.975609756097561,0.8888888888888888,0.7159075429722652,0.7969523809523809,0.11277477404040297,0.46,0.8571428571428571,56
with_fe,CFTR,lightgbm,f1_8020,0.73,0.7242524916943521,0.8164794007490637,0.6507462686567164,0.5046285670667805,0.7567567567567568,0.9655172413793104,0.6222222222222222,0.4224470366424792,0.5801904761904761,0.23285540947840572,0.0,0.8571428571428571,56
with_fe,CFTR,lightgbm,mcc_8020,0.57,0.7708649468892261,0.7839506172839507,0.7582089552238805,0.5375558642043228,0.9176470588235294,0.975,0.8666666666666667,0.6822422923379534,0.7786666666666665,0.13616796350725924,0.4,0.8571428571428571,56
with_fe,CFTR,catboost,f1_raw,0.44,0.7874015748031497,0.7565337001375516,0.8208955223880597,0.5455278150706873,0.9156626506024096,1.0,0.8444444444444444,0.718365772233094,0.8939999999999999,0.158,0.5,1.0,56
with_fe,CFTR,catboost,f1_8020,0.59,0.7560975609756098,0.8303571428571429,0.6940298507462687,0.5497801031779876,0.875,1.0,0.7777777777777778,0.6382847385042254,0.814,0.21355093069335945,0.5,1.0,56
with_fe,CFTR,catboost,mcc_8020,0.59,0.7560975609756098,0.8303571428571429,0.6940298507462687,0.5497801031779876,0.875,1.0,0.7777777777777778,0.6382847385042254,0.814,0.21355093069335945,0.5,1.0,56
with_fe,CFTR,nn,f1_raw,0.37,0.7429746401644962,0.6869455006337135,0.808955223880597,0.4293271242090558,0.8735632183908046,0.9047619047619048,0.8444444444444444,0.44114940169152966,0.53,0.09333333333333334,0.29375,0.6,56
with_fe,CFTR,nn,f1_8020,0.43,0.7215094339622642,0.7297709923664122,0.7134328358208956,0.43453950067269875,0.8571428571428571,0.9230769230769231,0.8,0.4555973021063105,0.5804761904761905,0.1087852947912161,0.2857142857142857,0.6666666666666666,56
with_fe,CFTR,nn,mcc_8020,0.43,0.7215094339622642,0.7297709923664122,0.7134328358208956,0.43453950067269875,0.8571428571428571,0.9230769230769231,0.8,0.4555973021063105,0.5804761904761905,0.1087852947912161,0.2857142857142857,0.6666666666666666,56
with_fe,CFTR,dnn,f1_raw,0.36,0.746031746031746,0.669833729216152,0.8417910447761194,0.42204089928127686,0.9333333333333333,0.9333333333333333,0.9333333333333333,0.6606060606060606,0.629047619047619,0.08054378677031261,0.5,0.6666666666666666,56
with_fe,CFTR,dnn,f1_8020,0.46,0.7094753328112764,0.7462932454695222,0.6761194029850747,0.434501418059747,0.875,1.0,0.7777777777777778,0.6382847385042254,0.8519999999999999,0.2041959842896035,0.5,1.0,56
with_fe,CFTR,dnn,mcc_8020,0.46,0.7094753328112764,0.7462932454695222,0.6761194029850747,0.434501418059747,0.875,1.0,0.7777777777777778,0.6382847385042254,0.8519999999999999,0.2041959842896035,0.5,1.0,56
with_fe,CFTR,nn_ft,f1_raw,0.35,0.8344640434192673,0.7649253731343284,0.917910447761194,0.6374703804746411,0.8705882352941177,0.925,0.8222222222222222,0.48325495707271704,0.5804761904761905,0.1087852947912161,0.2857142857142857,0.6666666666666666,56
with_fe,CFTR,nn_ft,f1_8020,0.45,0.8041901692183723,0.8739054290718039,0.744776119402985,0.6361449448949029,0.8205128205128205,0.9696969696969697,0.7111111111111111,0.5008583149450206,0.6609523809523807,0.18624831643306108,0.4,0.8571428571428571,56
with_fe,CFTR,nn_ft,mcc_8020,0.45,0.8041901692183723,0.8739054290718039,0.744776119402985,0.6361449448949029,0.8205128205128205,0.9696969696969697,0.7111111111111111,0.5008583149450206,0.6609523809523807,0.18624831643306108,0.4,0.8571428571428571,56
with_fe,CFTR,dnn_ft,f1_raw,0.4,0.8236101578586136,0.7623888182973316,0.8955223880597015,0.6140040024962831,0.896551724137931,0.9285714285714286,0.8666666666666667,0.5449492609130661,0.5623809523809523,0.1398809017223819,0.2857142857142857,0.6666666666666666,56
with_fe,CFTR,dnn_ft,f1_8020,0.44,0.8224719101123595,0.825563909774436,0.8194029850746268,0.6366136048591421,0.7948717948717948,0.9393939393939394,0.6888888888888889,0.40949653762605925,0.5449999999999999,0.18850603122850954,0.07500000000000002,0.75,56
with_fe,CFTR,dnn_ft,mcc_8020,0.44,0.8224719101123595,0.825563909774436,0.8194029850746268,0.6366136048591421,0.7948717948717948,0.9393939393939394,0.6888888888888889,0.40949653762605925,0.5449999999999999,0.18850603122850954,0.07500000000000002,0.75,56
with_fe,CFTR,stack_lr,f1_raw,0.43,0.8442503639010189,0.8238636363636364,0.8656716417910447,0.6722520665927457,0.9318181818181818,0.9534883720930233,0.9111111111111111,0.6862758217602037,0.6869047619047618,0.10608605799387719,0.3869047619047619,0.75,56
with_fe,CFTR,stack_lr,f1_8020,0.69,0.7993421052631579,0.8901098901098901,0.7253731343283583,0.6392301028936463,0.75,1.0,0.6,0.477059961531621,0.6819999999999999,0.26734995792032584,0.0,1.0,56
with_fe,CFTR,stack_lr,mcc_8020,0.69,0.7993421052631579,0.8901098901098901,0.7253731343283583,0.6392301028936463,0.75,1.0,0.6,0.477059961531621,0.6819999999999999,0.26734995792032584,0.0,1.0,56
with_fe,CFTR,stack_gbm,f1_raw,0.4,0.8877697841726618,0.8569444444444444,0.9208955223880597,0.7625088687939162,0.9069767441860465,0.9512195121951219,0.8666666666666667,0.6144117900445516,0.676190476190476,0.10816968277714809,0.3869047619047619,0.75,56
with_fe,CFTR,stack_gbm,f1_8020,0.78,0.8394222599830077,0.9743589743589743,0.7373134328358208,0.7350919566619526,0.6857142857142857,0.96,0.5333333333333333,0.3535824201784324,0.5226666666666666,0.24870560144571768,0.0,0.8571428571428571,56
with_fe,CFTR,stack_gbm,mcc_8020,0.78,0.8394222599830077,0.9743589743589743,0.7373134328358208,0.7350919566619526,0.6857142857142857,0.96,0.5333333333333333,0.3535824201784324,0.5226666666666666,0.24870560144571768,0.0,0.8571428571428571,56
with_fe,KANSER,lightgbm,f1_raw,0.4,0.7994875080076874,0.7761194029850746,0.8243064729194187,0.5645858020007178,0.917910447761194,0.9111111111111111,0.924812030075188,0.7317217385565573,0.6882240686143125,0.02470487232444047,0.65,0.7142857142857143,193
with_fe,KANSER,lightgbm,f1_8020,0.71,0.7489177489177489,0.8251192368839427,0.6856010568031704,0.5286839076322369,0.864,0.9230769230769231,0.8120300751879699,0.6271615690874409,0.6665723418894296,0.06509980630652194,0.5102272727272728,0.7692307692307693,193
with_fe,KANSER,lightgbm,mcc_8020,0.58,0.7811217510259918,0.8099290780141843,0.7542932628797886,0.558113425815486,0.896551724137931,0.9140625,0.8796992481203008,0.6819888714119233,0.675684518922003,0.0395740372164108,0.5945945945945946,0.7317073170731707,193
with_fe,KANSER,catboost,f1_raw,0.35,0.7967573827446439,0.709278350515464,0.9088507265521797,0.529106295138464,0.9154929577464789,0.8609271523178808,0.9774436090225563,0.7038223063468327,0.5797416566626652,0.014196714959011716,0.56,0.5882352941176471,193
with_fe,KANSER,catboost,f1_8020,0.57,0.7778566359119943,0.8404907975460123,0.7239101717305152,0.5740063695610762,0.8957528957528957,0.9206349206349206,0.8721804511278195,0.6859370719882576,0.689415630205104,0.03622880897191059,0.6195570570570571,0.75,193
with_fe,KANSER,catboost,mcc_8020,0.62,0.7540500736377025,0.8519134775374376,0.6763540290620872,0.5534649964709842,0.8695652173913043,0.9166666666666666,0.8270676691729323,0.6303142366279637,0.667464746412115,0.04221295363354877,0.5803571428571428,0.7427884615384615,193
with_fe,KANSER,nn,f1_raw,0.34,0.7632677400119261,0.6956521739130435,0.845442536327609,0.4537647501734554,0.8962962962962963,0.8832116788321168,0.9097744360902256,0.6558898420992199,0.6057854974387071,0.03691653276096518,0.5238095238095238,0.6521739130434783,193
with_fe,KANSER,nn,f1_8020,0.46,0.7351724137931035,0.7691197691197691,0.7040951122853368,0.47028635199964375,0.8661417322834646,0.9090909090909091,0.8270676691729323,0.61609713138381,0.6378324959839723,0.0471966339192499,0.5555555555555556,0.7245731707317072,193
with_fe,KANSER,nn,mcc_8020,0.46,0.7351724137931035,0.7691197691197691,0.7040951122853368,0.47028635199964375,0.8661417322834646,0.9090909090909091,0.8270676691729323,0.61609713138381,0.6378324959839723,0.0471966339192499,0.5555555555555556,0.7245731707317072,193
with_fe,KANSER,dnn,f1_raw,0.38,0.7660606060606061,0.7077267637178052,0.8348745046235139,0.4667627158286892,0.9063670411985019,0.9029850746268657,0.9097744360902256,0.6963439517582013,0.6535733946323551,0.03563309839988107,0.6,0.6976744186046512,193
with_fe,KANSER,dnn,f1_8020,0.53,0.6921348314606741,0.7993079584775087,0.6103038309114928,0.44933721021466627,0.8085106382978723,0.9313725490196079,0.7142857142857143,0.5541216193450306,0.6465439623684405,0.07154162737247984,0.5333333333333333,0.7777777777777778,193
with_fe,KANSER,dnn,mcc_8020,0.53,0.6921348314606741,0.7993079584775087,0.6103038309114928,0.44933721021466627,0.8085106382978723,0.9313725490196079,0.7142857142857143,0.5541216193450306,0.6465439623684405,0.07154162737247984,0.5333333333333333,0.7777777777777778,193
with_fe,KANSER,nn_ft,f1_raw,0.4,0.8616600790513834,0.859395532194481,0.8639365918097754,0.707939759556761,0.9029850746268657,0.8962962962962963,0.9097744360902256,0.6828896861563444,0.6342422253488618,0.03820947276293036,0.55,0.6818181818181818,193
with_fe,KANSER,nn_ft,f1_8020,0.48,0.8370786516853933,0.8935532233883059,0.7873183619550859,0.6847391693981171,0.8674698795180723,0.9310344827586207,0.8120300751879699,0.6415091464545565,0.6834908715487462,0.05509611505367324,0.5625,0.7567567567567568,193
with_fe,KANSER,nn_ft,mcc_8020,0.48,0.8370786516853933,0.8935532233883059,0.7873183619550859,0.6847391693981171,0.8674698795180723,0.9310344827586207,0.8120300751879699,0.6415091464545565,0.6834908715487462,0.05509611505367324,0.5625,0.7567567567567568,193
with_fe,KANSER,dnn_ft,f1_raw,0.41,0.8387893761581223,0.7877030162412993,0.8969616908850726,0.6414075220625605,0.9117647058823529,0.8920863309352518,0.9323308270676691,0.7035454494853439,0.6324693495198317,0.03314876282783224,0.5714285714285714,0.6666666666666666,193
with_fe,KANSER,dnn_ft,f1_8020,0.53,0.7524904214559387,0.8959854014598541,0.6486129458388376,0.581689151415142,0.8305084745762712,0.9514563106796117,0.7368421052631579,0.6063355052627076,0.7045931758533996,0.07602452544157691,0.5304232804232804,0.8155080213903743,193
with_fe,KANSER,dnn_ft,mcc_8020,0.53,0.7524904214559387,0.8959854014598541,0.6486129458388376,0.581689151415142,0.8305084745762712,0.9514563106796117,0.7368421052631579,0.6063355052627076,0.7045931758533996,0.07602452544157691,0.5304232804232804,0.8155080213903743,193
with_fe,KANSER,stack_lr,f1_raw,0.48,0.8664021164021164,0.8675496688741722,0.8652575957727873,0.7191751171822456,0.9298892988929889,0.9130434782608695,0.9473684210526315,0.7663290712711794,0.6901393728222996,0.0244438435441318,0.65,0.7142857142857143,193
with_fe,KANSER,stack_lr,f1_8020,0.64,0.8435087719298245,0.8997005988023952,0.7939233817701453,0.6971309429556192,0.9034749034749034,0.9285714285714286,0.8796992481203008,0.7094514334258657,0.7164106524106524,0.03322324422519711,0.6666666666666666,0.7692307692307693,193
with_fe,KANSER,stack_lr,mcc_8020,0.64,0.8435087719298245,0.8997005988023952,0.7939233817701453,0.6971309429556192,0.9034749034749034,0.9285714285714286,0.8796992481203008,0.7094514334258657,0.7164106524106524,0.03322324422519711,0.6666666666666666,0.7692307692307693,193
with_fe,KANSER,stack_gbm,f1_raw,0.42,0.9000644745325597,0.8790931989924433,0.9220607661822986,0.7849733166480578,0.9236363636363636,0.8943661971830986,0.9548872180451128,0.7399320189319244,0.644562569213732,0.024206091978963007,0.5789036544850498,0.6666666666666666,193
with_fe,KANSER,stack_gbm,f1_8020,0.77,0.8634686346863468,0.9782608695652174,0.7727873183619551,0.764069480900085,0.8617886178861789,0.9380530973451328,0.7969924812030075,0.6391961945472219,0.7050353180504983,0.05597494523664987,0.5806451612903226,0.7777777777777778,193
with_fe,KANSER,stack_gbm,mcc_8020,0.77,0.8634686346863468,0.9782608695652174,0.7727873183619551,0.764069480900085,0.8617886178861789,0.9380530973451328,0.7969924812030075,0.6391961945472219,0.7050353180504983,0.05597494523664987,0.5806451612903226,0.7777777777777778,193
with_fe,PAH,lightgbm,f1_raw,0.28,0.8068965517241379,0.7304890738813735,0.9011553273427471,0.5363033671924852,0.9325153374233128,0.8786127167630058,0.9934640522875817,0.4989484483515106,0.4280780780780781,0.013063063063063067,0.3888888888888889,0.43243243243243246,184
with_fe,PAH,lightgbm,f1_8020,0.71,0.770949720670391,0.8453292496171516,0.7086007702182285,0.5548425996635968,0.8866666666666667,0.9047619047619048,0.869281045751634,0.3900303330031654,0.46864623805313466,0.06377168443059947,0.3217948717948718,0.5333333333333333,184
with_fe,PAH,lightgbm,mcc_8020,0.71,0.770949720670391,0.8453292496171516,0.7086007702182285,0.5548425996635968,0.8866666666666667,0.9047619047619048,0.869281045751634,0.3900303330031654,0.46864623805313466,0.06377168443059947,0.3217948717948718,0.5333333333333333,184
with_fe,PAH,catboost,f1_raw,0.4,0.8137432188065099,0.7670454545454546,0.8664955070603337,0.5666815374060165,0.9182389937106918,0.8848484848484849,0.954248366013072,0.41985711171376466,0.4304281894576011,0.03410149907096174,0.32400568181818185,0.45714285714285713,184
with_fe,PAH,catboost,f1_8020,0.6,0.7633802816901408,0.8455538221528861,0.6957637997432606,0.5459560370659523,0.882943143812709,0.9041095890410958,0.8627450980392157,0.3801367197712999,0.4684391225632605,0.06700205882366686,0.25523076923076926,0.5333333333333333,184
with_fe,PAH,catboost,mcc_8020,0.6,0.7633802816901408,0.8455538221528861,0.6957637997432606,0.5459560370659523,0.882943143812709,0.9041095890410958,0.8627450980392157,0.3801367197712999,0.4684391225632605,0.06700205882366686,0.25523076923076926,0.5333333333333333,184
with_fe,PAH,nn,f1_raw,0.32,0.768969422423556,0.6879432624113475,0.8716302952503209,0.4322914909919277,0.9151515151515152,0.8531073446327684,0.9869281045751634,0.2899967357954577,0.3762137049941927,0.012832395157148539,0.34146341463414637,0.38095238095238093,184
with_fe,PAH,nn,f1_8020,0.43,0.7486979166666666,0.7595772787318362,0.7381258023106547,0.4596884687810988,0.8846153846153846,0.8679245283018868,0.9019607843137255,0.24527567465267522,0.3914497415673887,0.040995947089428594,0.29411764705882354,0.43243243243243246,184
with_fe,PAH,nn,mcc_8020,0.43,0.7486979166666666,0.7595772787318362,0.7381258023106547,0.4596884687810988,0.8846153846153846,0.8679245283018868,0.9019607843137255,0.24527567465267522,0.3914497415673887,0.040995947089428594,0.29411764705882354,0.43243243243243246,184
with_fe,PAH,dnn,f1_raw,0.35,0.7626822157434402,0.6987179487179487,0.8395378690629012,0.4285049286045203,0.9085365853658537,0.8514285714285714,0.9738562091503268,0.23452610351826988,0.3722648083623693,0.01635815832810849,0.34146341463414637,0.38095238095238093,184
with_fe,PAH,dnn,f1_8020,0.46,0.7344782034346103,0.7564625850340136,0.7137355584082157,0.43937790666140164,0.8881578947368421,0.8940397350993378,0.8823529411764706,0.3572957188979175,0.4467557603686636,0.05486211095014954,0.2857142857142857,0.5,184
with_fe,PAH,dnn,mcc_8020,0.49,0.7142857142857143,0.7680945347119645,0.6675224646983312,0.4272986038788669,0.87248322147651,0.896551724137931,0.8496732026143791,0.3350091062023465,0.452049205851208,0.06071599333400683,0.2962962962962963,0.5161290322580645,184
with_fe,PAH,nn_ft,f1_raw,0.36,0.8535414165666266,0.8015783540022547,0.9127086007702182,0.6607464201305154,0.8646864686468647,0.8733333333333333,0.8562091503267973,0.2346357364154727,0.39201118189211165,0.05454525130373307,0.25806451612903225,0.45714285714285713,184
with_fe,PAH,nn_ft,f1_8020,0.42,0.8370860927152318,0.8645690834473324,0.8112965340179717,0.6580680288542852,0.8442906574394463,0.8970588235294118,0.7973856209150327,0.2947319468566414,0.4377265013402944,0.07067926025298554,0.3076923076923077,0.5333333333333333,184
with_fe,PAH,nn_ft,mcc_8020,0.42,0.8370860927152318,0.8645690834473324,0.8112965340179717,0.6580680288542852,0.8442906574394463,0.8970588235294118,0.7973856209150327,0.2947319468566414,0.4377265013402944,0.07067926025298554,0.3076923076923077,0.5333333333333333,184
with_fe,PAH,dnn_ft,f1_raw,0.36,0.8609970674486803,0.7926565874730022,0.9422336328626444,0.6763466187134456,0.8888888888888888,0.8641975308641975,0.9150326797385621,0.23689917422152923,0.38714217977375875,0.0367696808450616,0.29642857142857143,0.42105263157894735,184
with_fe,PAH,dnn_ft,f1_8020,0.48,0.8462055070517126,0.8873239436619719,0.8087291399229781,0.684287796994671,0.8472222222222222,0.9037037037037037,0.7973856209150327,0.32010230613614976,0.44898638373121125,0.07483641212615376,0.26575,0.5517241379310345,184
with_fe,PAH,dnn_ft,mcc_8020,0.48,0.8462055070517126,0.8873239436619719,0.8087291399229781,0.684287796994671,0.8472222222222222,0.9037037037037037,0.7973856209150327,0.32010230613614976,0.44898638373121125,0.07483641212615376,0.26575,0.5517241379310345,184
with_fe,PAH,stack_lr,f1_raw,0.41,0.8740458015267175,0.8663303909205549,0.8818998716302953,0.7216700824602138,0.8976897689768977,0.9066666666666666,0.8888888888888888,0.4216936891903729,0.47455860104135966,0.05521976562303664,0.3076923076923077,0.5333333333333333,184
with_fe,PAH,stack_lr,f1_8020,0.66,0.8416723783413297,0.9029411764705882,0.7881899871630296,0.685987335483573,0.8719723183391004,0.9264705882352942,0.8235294117647058,0.42700189373864633,0.5151407027754854,0.08497278357261773,0.30324675324675326,0.6153846153846154,184
with_fe,PAH,stack_lr,mcc_8020,0.66,0.8416723783413297,0.9029411764705882,0.7881899871630296,0.685987335483573,0.8719723183391004,0.9264705882352942,0.8235294117647058,0.42700189373864633,0.5151407027754854,0.08497278357261773,0.30324675324675326,0.6153846153846154,184
with_fe,PAH,stack_gbm,f1_raw,0.39,0.8995686999383857,0.8649289099526066,0.9370988446726572,0.7726118973883971,0.8802588996763754,0.8717948717948718,0.8888888888888888,0.2539744081337152,0.3953172905525845,0.04094981206887245,0.30303030303030304,0.4444444444444444,184
with_fe,PAH,stack_gbm,f1_8020,0.76,0.8739376770538244,0.9747235387045814,0.79204107830552,0.7701854957943178,0.8088235294117647,0.9243697478991597,0.7189542483660131,0.3356453673179518,0.47031060655591544,0.11067951710268585,0.2306578947368421,0.64,184
with_fe,PAH,stack_gbm,mcc_8020,0.76,0.8739376770538244,0.9747235387045814,0.79204107830552,0.7701854957943178,0.8088235294117647,0.9243697478991597,0.7189542483660131,0.3356453673179518,0.47031060655591544,0.11067951710268585,0.2306578947368421,0.64,184
