experiment,exp_group,pool,model,boot_f1,boot_std,boot_lo,boot_hi,auprc,precision,recall,mcc,fp,fn,thr,train_f1,overfit_gap
E2_P9_REVERSE_6040_catboost_with_fe,E2,P9_REVERSE_6040_catboost_with,fe,0.7299697893382102,0.03345520893183659,0.6371428571428571,0.7692307692307693,0.968341026561965,0.9328358208955224,0.9398496240601504,0.7935375027900818,9,8,0.45,0.7337278106508875,0.0037580213126773288
E4_alpha_0.6,E4,-,E4_alpha_0.6,0.7253420700872119,0.07241654584447163,0.5714285714285714,0.8235294117647058,0.965861599324752,0.9519230769230769,0.7443609022556391,0.6137752124834231,5,34,0.77,0.7747747747747747,0.04943270468756289
E2_P9_REVERSE_6040_catboost_no_fe,E2,P9_REVERSE_6040_catboost_no,fe,0.7104382504506345,0.041621106089423134,0.6285714285714286,0.7692307692307693,0.9715533900036267,0.9296875,0.8947368421052632,0.7293611414074249,9,14,0.48,0.72,0.009561749549365506
E1_P9_REVERSE_6040_catboost,E1,P9_REVERSE_6040,catboost,0.7104382504506345,0.041621106089423134,0.6285714285714286,0.7692307692307693,0.9715533900036267,0.9296875,0.8947368421052632,0.7293611414074249,9,14,0.48,0.72,0.009561749549365506
E1_P3_COMBINED_RAW_lgbm,E1,P3_COMBINED_RAW,lgbm,0.7071977848293636,0.03262491674173762,0.6486486486486487,0.75,0.9552832984612705,0.9242424242424242,0.9172932330827067,0.7472630249244804,10,11,0.8,0.8392370572207084,0.13203927239134483
E1_P3_COMBINED_RAW_xgb,E1,P3_COMBINED_RAW,xgb,0.702955283218441,0.03708952680480552,0.6111111111111112,0.75,0.9556300638654942,0.9236641221374046,0.9097744360902256,0.7365831082010263,10,12,0.73,0.8290288153681964,0.12607353214975536
E1_P8_COMBINED_BAL_xgb,E1,P8_COMBINED_BAL,xgb,0.7007087589076754,0.05199705686445826,0.6060606060606061,0.7894736842105263,0.957735759979744,0.9338842975206612,0.849624060150376,0.685538486079396,8,20,0.62,0.7363245236631838,0.03561576475550843
E1_P8_COMBINED_BAL_lgbm,E1,P8_COMBINED_BAL,lgbm,0.7004650773319503,0.04522720473495343,0.5973109243697479,0.7692307692307693,0.9511847920847644,0.928,0.8721804511278195,0.6997416279346697,9,17,0.58,0.7473053892215569,0.04684031188960658
E1_P4_COMBINED_KANSER_xgb,E1,P4_COMBINED_KANSER,xgb,0.6981863008178796,0.03801697761062037,0.6195570570570571,0.75,0.9675697180047151,0.9230769230769231,0.9022556390977443,0.7260971041538546,10,13,0.72,0.8383980680217348,0.1402117672038552
E1_P1_BALANCED_625_catboost,E1,P1_BALANCED_625,catboost,0.6958106723184123,0.04857129242736814,0.6060606060606061,0.7894736842105263,0.9581613806650511,0.9327731092436975,0.8345864661654135,0.6675547947295585,8,22,0.59,0.7403598971722365,0.044549224853824176
E1_P8_COMBINED_BAL_catboost,E1,P8_COMBINED_BAL,catboost,0.6927326061033492,0.05955440995106478,0.5625,0.7894736842105263,0.960317119014299,0.9316239316239316,0.8195488721804511,0.6500732069511312,8,24,0.64,0.7154893065456902,0.022756700442341016
E1_P4_COMBINED_KANSER_catboost,E1,P4_COMBINED_KANSER,catboost,0.691083304241199,0.043258725865092953,0.5803571428571428,0.75,0.9579210241532673,0.9224806201550387,0.8947368421052632,0.7157969517103236,10,14,0.69,0.8081103678929766,0.11702706365177762
E4_alpha_0.7,E4,-,E4_alpha_0.7,0.6880914018622584,0.0794601838027625,0.5185185185185185,0.7878787878787878,0.964890238949379,0.9489795918367347,0.6992481203007519,0.5702262895215653,5,40,0.77,0.7747747747747747,0.08668337291251638
E2_P9_REVERSE_6040_xgb_with_fe,E2,P9_REVERSE_6040_xgb_with,fe,0.6875751402067191,0.044216942595247465,0.5803571428571428,0.75,0.9677550106300713,0.9212598425196851,0.8796992481203008,0.6957240116013534,10,16,0.41,0.7323943661971831,0.04481922599046406
E1_P1_BALANCED_625_xgb,E1,P1_BALANCED_625,xgb,0.6872188380052157,0.051968049669129025,0.5882352941176471,0.7692307692307693,0.9615590597856267,0.926829268292683,0.8571428571428571,0.6807803767397438,9,19,0.52,0.7605177993527508,0.07329896134753511
E4_alpha_0.3,E4,-,E4_alpha_0.3,0.682713149818413,0.04501911963359738,0.5714285714285714,0.75,0.9651608395139237,0.9193548387096774,0.8571428571428571,0.6668294398227909,10,19,0.77,0.7747747747747747,0.09206162495636172
E4_alpha_0.5,E4,-,E4_alpha_0.5,0.6808262272062584,0.05920253781408702,0.5625,0.7567567567567568,0.9669057955312998,0.9285714285714286,0.7819548872180451,0.6083328950954489,8,29,0.77,0.7747747747747747,0.09394854756851634
E1_P3_COMBINED_RAW_catboost,E1,P3_COMBINED_RAW,catboost,0.6800494310587188,0.05185526668996969,0.5882352941176471,0.7368421052631579,0.9621410368318705,0.9243697478991597,0.8270676691729323,0.6445315503795218,9,23,0.73,0.7778030475324085,0.09775361647368963
E1_P1_BALANCED_625_nn_ft,E1,P1_BALANCED_625,nn_ft,0.6694403697608371,0.08651841323840119,0.5384615384615384,0.8125,0.951369498589054,0.9545454545454546,0.631578947368421,0.5249844938344498,4,49,0.52,0.7747747747747747,0.10533440501393765
E1_P0_KANSER_ONLY_catboost,E1,P0_KANSER_ONLY,catboost,0.666639212674317,0.06638021474158122,0.5333333333333333,0.7699206349206349,0.9308871268051427,0.9333333333333333,0.7368421052631579,0.5763416725791243,7,35,0.86,0.8103448275862069,0.14370561491188982
E1_P9_REVERSE_6040_xgb,E1,P9_REVERSE_6040,xgb,0.6652348764577867,0.05414976884804804,0.5294117647058824,0.75,0.9594207237812873,0.9180327868852459,0.8421052631578947,0.6483032963513297,10,21,0.49,0.7225583405358686,0.057323464078081976
E2_P9_REVERSE_6040_xgb_no_fe,E2,P9_REVERSE_6040_xgb_no,fe,0.6652348764577867,0.05414976884804804,0.5294117647058824,0.75,0.9594207237812873,0.9180327868852459,0.8421052631578947,0.6483032963513297,10,21,0.49,0.7225583405358686,0.057323464078081976
E1_P9_REVERSE_6040_lgbm,E1,P9_REVERSE_6040,lgbm,0.660109020538587,0.05658634735714108,0.5388655462184874,0.75,0.9646053398743359,0.9180327868852459,0.8421052631578947,0.6483032963513297,10,21,0.41,0.7085811384876806,0.04847211794909356
E2_P9_REVERSE_6040_lgbm_no_fe,E2,P9_REVERSE_6040_lgbm_no,fe,0.660109020538587,0.05658634735714108,0.5388655462184874,0.75,0.9646053398743359,0.9180327868852459,0.8421052631578947,0.6483032963513297,10,21,0.41,0.7085811384876806,0.04847211794909356
E1_P2_KANSER_BAL625_xgb,E1,P2_KANSER_BAL625,xgb,0.6597671169508033,0.07187538243863191,0.5161290322580645,0.7821123755334282,0.9526747982680417,0.9279279279279279,0.7744360902255639,0.6002893999438736,8,30,0.73,0.7324364723467862,0.07266935539598296
E2_P9_REVERSE_6040_lgbm_with_fe,E2,P9_REVERSE_6040_lgbm_with,fe,0.6578103383056942,0.058324522773298804,0.4948752228163993,0.7427884615384615,0.9668504408380262,0.9173553719008265,0.8345864661654135,0.6392442496156719,10,22,0.49,0.7024647887323944,0.04465445042670013
E1_P1_BALANCED_625_lgbm,E1,P1_BALANCED_625,lgbm,0.657711424354688,0.0663286593072651,0.5333333333333333,0.7777777777777778,0.9509457115777153,0.9333333333333333,0.7368421052631579,0.5763416725791243,7,35,0.77,0.7167420814479638,0.05903065709327582
E1_P4_COMBINED_KANSER_lgbm,E1,P4_COMBINED_KANSER,lgbm,0.6540494573621508,0.06387012720278235,0.5,0.7368421052631579,0.9481174120542994,0.9196428571428571,0.7744360902255639,0.5856496940225312,9,30,0.89,0.7849347314359084,0.1308852740737576
E4_alpha_0.4,E4,-,E4_alpha_0.4,0.6519566618637826,0.05865767599754887,0.5294117647058824,0.7427884615384615,0.9659798995780757,0.9145299145299145,0.8045112781954887,0.6042499312237506,10,26,0.77,0.7747747747747747,0.1228181129109921
E1_P5_FINAL_8020_catboost,E1,P5_FINAL_8020,catboost,0.6495142283730218,0.050518520065108104,0.5405405405405406,0.7142857142857143,0.9512940334726463,0.9069767441860465,0.8796992481203008,0.668241422732667,12,16,0.23,0.5245901639344263,-0.1249240644385955
E3_stack_lr,E3,-,E3_stack_lr,0.6491094550466631,0.09856189127126246,0.48,0.8125,0.9573701629395915,0.9534883720930233,0.6165413533834586,0.5120637811285133,4,51,0.77,0.7747747747747747,0.12566531972811168
E0_P1_BALANCED_625_dnn_ft,E0,P1_BALANCED_625,dnn_ft,0.6468297418337005,0.07678218929800645,0.4941379310344828,0.7699206349206349,0.9338801444149025,0.9292929292929293,0.6917293233082706,0.5325189756396714,7,41,0.48,0.7965367965367965,0.1497070547030961
E1_P2_KANSER_BAL625_catboost,E1,P2_KANSER_BAL625,catboost,0.644661349359242,0.06704820183539313,0.5,0.7368421052631579,0.9549929621283073,0.9210526315789473,0.7894736842105263,0.6019468572347108,9,28,0.66,0.7401924500370096,0.0955311006777676
E1_P9_REVERSE_6040_nn_ft,E1,P9_REVERSE_6040,nn_ft,0.640036102464716,0.07942392179037247,0.44076354679802954,0.7699206349206349,0.9128548885717963,0.9263157894736842,0.6616541353383458,0.5045603526204043,7,45,0.52,0.7522935779816514,0.11225747551693543
E1_P2_KANSER_BAL625_dnn,E1,P2_KANSER_BAL625,dnn,0.6399468483845892,0.0513002037443435,0.5405405405405406,0.7142857142857143,0.9401238031660035,0.9032258064516129,0.8421052631578947,0.6201150725321198,12,21,0.44,0.7266576454668471,0.08671079708225793
E1_P2_KANSER_BAL625_lgbm,E1,P2_KANSER_BAL625,lgbm,0.6386723752911173,0.05509593867705764,0.5142857142857142,0.7317073170731707,0.9489592015182541,0.9090909090909091,0.8270676691729323,0.61609713138381,11,23,0.73,0.7496443812233285,0.11097200593221124
E1_P8_COMBINED_BAL_nn_ft,E1,P8_COMBINED_BAL,nn_ft,0.6368865582487875,0.0634952743354941,0.5294117647058824,0.7427884615384615,0.9194985787914831,0.9107142857142857,0.7669172932330827,0.5629664929496137,10,31,0.47,0.8629032258064516,0.22601666755766414
E1_P8_COMBINED_BAL_dnn,E1,P8_COMBINED_BAL,dnn,0.6362313447565859,0.03705045858575883,0.5853658536585366,0.6818181818181818,0.9070327164673315,0.8939393939393939,0.8872180451127819,0.6509546684567511,14,15,0.44,0.7170224411603722,0.08079109640378623
E1_P0_KANSER_ONLY_lgbm,E1,P0_KANSER_ONLY,lgbm,0.6347061637309317,0.06347523714523728,0.5294117647058824,0.717948717948718,0.9134902250032028,0.9122807017543859,0.7819548872180451,0.5791806915583833,10,29,0.94,0.8200836820083682,0.18537751827743654
E1_P7_MASTER_UNDER_K_lgbm,E1,P7_MASTER_UNDER_K,lgbm,0.6291228860694805,0.0592959633964433,0.5294117647058824,0.717948717948718,0.9395308727893295,0.9107142857142857,0.7669172932330827,0.5629664929496137,10,31,0.94,0.76410998552822,0.13498709945873943
E0_P3_COMBINED_RAW_dnn_ft,E0,P3_COMBINED_RAW,dnn_ft,0.6212538007613388,0.04532840355305772,0.5263157894736842,0.6976744186046512,0.9266287257964978,0.8951612903225806,0.8345864661654135,0.5967578888867843,13,22,0.36,0.875968992248062,0.25471519148672317
E1_P4_COMBINED_KANSER_dnn,E1,P4_COMBINED_KANSER,dnn,0.6211166368586137,0.05323267189274145,0.5091216216216217,0.7072299651567944,0.9422478943985019,0.8991596638655462,0.8045112781954887,0.575461817329412,12,26,0.36,0.8099725166862976,0.18885587982768381
E0_P3_COMBINED_RAW_nn_ft,E0,P3_COMBINED_RAW,nn_ft,0.6175881540968564,0.04941126099961354,0.5263157894736842,0.6976744186046512,0.9043472764140597,0.8951612903225806,0.8345864661654135,0.5967578888867843,13,22,0.36,0.842911877394636,0.2253237232977796
E1_P5_FINAL_8020_nn_ft,E1,P5_FINAL_8020,nn_ft,0.616166902680807,0.10281399995793486,0.4,0.7793560606060606,0.9407658243936574,0.9404761904761905,0.5939849624060151,0.47673087051277324,5,54,0.52,0.7911111111111111,0.17494420843030412
E1_P9_REVERSE_6040_dnn_ft,E1,P9_REVERSE_6040,dnn_ft,0.6091051188973988,0.05341210976823427,0.4864864864864865,0.6906976744186046,0.9183685620629015,0.8925619834710744,0.8120300751879699,0.5698028949200858,13,25,0.48,0.8774703557312253,0.2683652368338265
E1_P1_BALANCED_625_dnn_ft,E1,P1_BALANCED_625,dnn_ft,0.6079829812123181,0.10776614099183056,0.4,0.75,0.9489473700541957,0.9397590361445783,0.5864661654135338,0.47037985638022484,5,55,0.52,0.7614678899082569,0.15348490869593878
E1_P6_MASTER_UNDER_catboost,E1,P6_MASTER_UNDER,catboost,0.6062688120662268,0.04405382836534318,0.5263157894736842,0.6906976744186046,0.930018090713044,0.8916666666666667,0.8045112781954887,0.5610633935525196,13,26,0.72,0.8016194331983806,0.19535062113215373
E1_P4_COMBINED_KANSER_dnn_ft,E1,P4_COMBINED_KANSER,dnn_ft,0.6057978247219734,0.0732156473487832,0.4481534090909091,0.717948717948718,0.9154578459950046,0.9056603773584906,0.7218045112781954,0.5164041474541188,10,37,0.41,0.8739495798319328,0.26815175510995937
E1_P1_BALANCED_625_dnn,E1,P1_BALANCED_625,dnn,0.6048241236675118,0.08739240048065917,0.44076354679802954,0.7428571428571429,0.9272164787625842,0.9230769230769231,0.631578947368421,0.47743462652311397,7,49,0.52,0.6541218637992832,0.04929774013177135
E1_P8_COMBINED_BAL_dnn_ft,E1,P8_COMBINED_BAL,dnn_ft,0.6038663549463784,0.09565997825805095,0.42857142857142855,0.7428571428571429,0.9237144053160471,0.9230769230769231,0.631578947368421,0.47743462652311397,7,49,0.52,0.7964601769911505,0.19259382204477205
E1_P6_MASTER_UNDER_nn_ft,E1,P6_MASTER_UNDER,nn_ft,0.6037892272418948,0.043034735427984055,0.5211858974358974,0.6818181818181818,0.8590499188611558,0.8861788617886179,0.8195488721804511,0.5643612621634807,14,24,0.43,0.8412698412698413,0.2374806140279465
E1_P3_COMBINED_RAW_dnn_ft,E1,P3_COMBINED_RAW,dnn_ft,0.6032993148270654,0.06007710419744604,0.5142857142857142,0.7,0.9123895613592384,0.9009009009009009,0.7518796992481203,0.5323520343130091,11,33,0.39,0.8278688524590164,0.22456953763195098
E1_P2_KANSER_BAL625_nn_ft,E1,P2_KANSER_BAL625,nn_ft,0.6017953916754226,0.0745529257757488,0.4375,0.717948717948718,0.9464582455620894,0.9047619047619048,0.7142857142857143,0.5089135399415585,10,38,0.48,0.8925619834710744,0.2907665917956518
E0_P1_BALANCED_625_nn_ft,E0,P1_BALANCED_625,nn_ft,0.6017527901443177,0.05513171008875535,0.5,0.7072299651567944,0.9465039308889741,0.8956521739130435,0.7744360902255639,0.5418099068913123,12,30,0.45,0.852589641434263,0.25083685128994526
E1_P8_COMBINED_BAL_nn,E1,P8_COMBINED_BAL,nn,0.6012981494215557,0.038833911991376556,0.49590592334494776,0.6521739130434783,0.9118917634633138,0.8796992481203008,0.8796992481203008,0.613032581453634,16,16,0.41,0.7273689782953944,0.1260708288738387
E1_P4_COMBINED_KANSER_nn,E1,P4_COMBINED_KANSER,nn,0.6012663135692062,0.04525402232383485,0.5,0.6666666666666666,0.9138876119644853,0.8828125,0.849624060150376,0.5872443314209201,15,20,0.36,0.8000796495420152,0.19881333597280892
E1_P2_KANSER_BAL625_dnn_ft,E1,P2_KANSER_BAL625,dnn_ft,0.5989559246221634,0.05418350248811157,0.5,0.6829268292682927,0.9431892284202371,0.8947368421052632,0.7669172932330827,0.5336483602057283,12,31,0.47,0.92,0.32104407537783664
E1_P5_FINAL_8020_dnn,E1,P5_FINAL_8020,dnn,0.5988491076331823,0.0881912139987182,0.4256896551724138,0.7222222222222222,0.9295794773683921,0.9139784946236559,0.6390977443609023,0.46849853546405495,8,48,0.5,0.4823529411764706,-0.11649616645671174
E1_P5_FINAL_8020_dnn_ft,E1,P5_FINAL_8020,dnn_ft,0.5985614243719981,0.09491454187940744,0.42857142857142855,0.7428571428571429,0.9337310505533574,0.9230769230769231,0.631578947368421,0.47743462652311397,7,49,0.52,0.8138528138528138,0.21529138948081572
E1_P1_BALANCED_625_nn,E1,P1_BALANCED_625,nn,0.5978443866589074,0.047709941102159814,0.5,0.6666666666666666,0.9428737561376452,0.8828125,0.849624060150376,0.5872443314209201,15,20,0.42,0.7222222222222222,0.12437783556331483
E1_P7_MASTER_UNDER_K_catboost,E1,P7_MASTER_UNDER_K,catboost,0.5977119545802114,0.05684419986149143,0.4864864864864865,0.6976744186046512,0.9462415343527038,0.8916666666666667,0.8045112781954887,0.5610633935525196,13,26,0.72,0.8075880758807588,0.20987612130054734
E1_P9_REVERSE_6040_nn,E1,P9_REVERSE_6040,nn,0.5958025166463587,0.06628218360659352,0.45714285714285713,0.6829268292682927,0.9222647552791056,0.8928571428571429,0.7518796992481203,0.5176000908037783,12,33,0.5,0.6440101954120646,0.048207678765705864
E1_P5_FINAL_8020_lgbm,E1,P5_FINAL_8020,lgbm,0.5931344528165736,0.06130488553642735,0.4864864864864865,0.6976744186046512,0.9527970684749008,0.8925619834710744,0.8120300751879699,0.5698028949200858,13,25,0.05,0.48514851485148514,-0.10798593796508849
E1_P5_FINAL_8020_xgb,E1,P5_FINAL_8020,xgb,0.5912351426705549,0.05902847873775826,0.4864864864864865,0.6906976744186046,0.9531096432142695,0.8898305084745762,0.7894736842105263,0.5439238976754781,13,28,0.16,0.5,-0.09123514267055488
E1_P0_KANSER_ONLY_xgb,E1,P0_KANSER_ONLY,xgb,0.5895454938708553,0.0825949234844787,0.4444444444444444,0.7272727272727273,0.9356094694392587,0.927710843373494,0.5789473684210527,0.4477688196974394,6,56,0.94,0.7570093457943925,0.1674638519235372
E1_P5_FINAL_8020_nn,E1,P5_FINAL_8020,nn,0.589255651687427,0.0737082436242086,0.4346702317290553,0.7,0.9306648212305325,0.897196261682243,0.7218045112781954,0.5014444091862401,11,37,0.51,0.49023861171366595,-0.09901703997376105
E1_P9_REVERSE_6040_dnn,E1,P9_REVERSE_6040,dnn,0.5862382217239652,0.08060665609487973,0.4375,0.717948717948718,0.9286988980854423,0.900990099009901,0.6842105263157895,0.47961637843586435,10,42,0.5,0.6487394957983194,0.06250127407435413
E1_P0_KANSER_ONLY_dnn,E1,P0_KANSER_ONLY,dnn,0.5834671580534301,0.06539861934369365,0.4219747899159664,0.6755182926829268,0.9131449514232857,0.8928571428571429,0.7518796992481203,0.5176000908037783,12,33,0.48,0.8134328358208955,0.22996567776746546
E1_P2_KANSER_BAL625_nn,E1,P2_KANSER_BAL625,nn,0.5834641044340421,0.04559662528153162,0.4701923076923077,0.6363636363636364,0.9261986221947155,0.88,0.8270676691729323,0.5591376360644029,15,23,0.44,0.7213333333333334,0.13786922889929132
E1_P7_MASTER_UNDER_K_dnn_ft,E1,P7_MASTER_UNDER_K,dnn_ft,0.582068653600134,0.05584782734804924,0.46153846153846156,0.6666666666666666,0.8761699048916509,0.8790322580645161,0.8195488721804511,0.5500435215961134,15,24,0.37,0.8549019607843137,0.27283330718417964
E1_P6_MASTER_UNDER_nn,E1,P6_MASTER_UNDER,nn,0.5819555631201451,0.04850949876673539,0.5,0.6363636363636364,0.859614929183291,0.8780487804878049,0.8120300751879699,0.541077439248228,15,25,0.4,0.7652859960552268,0.18333043293508178
E1_P3_COMBINED_RAW_dnn,E1,P3_COMBINED_RAW,dnn,0.5818375734131602,0.04869335960533206,0.48416389811738647,0.6382978723404256,0.8780632280889022,0.8731343283582089,0.8796992481203008,0.5991504007263208,17,16,0.36,0.7493345164152617,0.1674969430021015
E1_P4_COMBINED_KANSER_nn_ft,E1,P4_COMBINED_KANSER,nn_ft,0.57636969964581,0.04830123989587048,0.4878048780487805,0.6521739130434783,0.9118157295267756,0.873015873015873,0.8270676691729323,0.5448509033626089,16,23,0.37,0.933852140077821,0.35748244043201105
E1_P7_MASTER_UNDER_K_xgb,E1,P7_MASTER_UNDER_K,xgb,0.5671741210817033,0.08611785189130433,0.4,0.7027027027027027,0.9457776208549209,0.9052631578947369,0.6466165413533834,0.4597775758644889,9,47,0.89,0.7247706422018348,0.15759652112013156
E1_P3_COMBINED_RAW_nn_ft,E1,P3_COMBINED_RAW,nn_ft,0.5648148319457292,0.03327093836246976,0.4855457909343201,0.6,0.8906367839036439,0.8591549295774648,0.9172932330827067,0.6129925703507143,20,11,0.34,0.8848920863309353,0.32007725438520607
E1_P7_MASTER_UNDER_K_nn_ft,E1,P7_MASTER_UNDER_K,nn_ft,0.5581679441434297,0.03396025450870608,0.5,0.5957446808510638,0.9185149572298543,0.8615384615384616,0.8421052631578947,0.535110063470115,18,21,0.38,0.9343629343629344,0.37619499021950464
E1_P6_MASTER_UNDER_xgb,E1,P6_MASTER_UNDER,xgb,0.5542382858149912,0.03925301998099373,0.47619047619047616,0.6086956521739131,0.9198625202289107,0.8661417322834646,0.8270676691729323,0.5305354106042659,17,23,0.63,0.828125,0.27388671418500876
E1_P3_COMBINED_RAW_nn,E1,P3_COMBINED_RAW,nn,0.5517006796884991,0.04826050254826379,0.4367940199335548,0.625,0.8892517681058807,0.8615384615384616,0.8421052631578947,0.535110063470115,18,21,0.36,0.7810902896081772,0.22938960991967805
E1_P6_MASTER_UNDER_lgbm,E1,P6_MASTER_UNDER,lgbm,0.5359925771455161,0.06337720705815315,0.42105263157894735,0.6363636363636364,0.9169748472214825,0.8648648648648649,0.7218045112781954,0.44176888013852317,15,37,0.9,0.7478260869565218,0.21183350981100568
E1_P7_MASTER_UNDER_K_dnn,E1,P7_MASTER_UNDER_K,dnn,0.534558799466822,0.05235153631611321,0.4266913319238901,0.6122448979591837,0.9093134256652184,0.8538461538461538,0.8345864661654135,0.5112366833846476,19,22,0.4,0.7966305655836342,0.26207176611681215
E1_P7_MASTER_UNDER_K_nn,E1,P7_MASTER_UNDER_K,nn,0.5293394642163786,0.046685137096884675,0.41919871794871794,0.6151767676767677,0.8797448070572945,0.8596491228070176,0.7368421052631579,0.4425836975004183,16,35,0.48,0.7298850574712644,0.20054559325488586
E1_P6_MASTER_UNDER_dnn,E1,P6_MASTER_UNDER,dnn,0.4940025226574425,0.1381110697242498,0.21052631578947367,0.6923076923076923,0.8902473456761966,0.96,0.3609022556390977,0.3460597714869152,2,85,0.43,0.7553191489361702,0.26131662627872776
E1_P0_KANSER_ONLY_nn,E1,P0_KANSER_ONLY,nn,0.4795886857418488,0.04350980711267213,0.4,0.5454545454545454,0.8759006374313296,0.8175182481751825,0.8421052631578947,0.43389439086649484,25,21,0.44,0.8473282442748091,0.3677395585329603
E1_P6_MASTER_UNDER_dnn_ft,E1,P6_MASTER_UNDER,dnn_ft,0.3841958041958041,0.0029370629370629384,0.38461538461538464,0.38461538461538464,0.8531982485571046,0.7333333333333333,0.9924812030075187,0.3554527195286597,48,1,0.43,0.8349514563106796,0.45075565211487545
